month,n_days,P_best_final_mean,P_best_final_std,N_conv_98_mean,N_conv_98_std,T_conv_98_seconds_mean,T_conv_98_seconds_std,duty_std_after_conv_mean,duty_std_after_conv_std,P_ripple_after_conv_mean,P_ripple_after_conv_std,mean_abs_error_mean,mean_abs_error_std,std_abs_error_mean,std_abs_error_std
Apr_2023,30,1509.8666666666666,96.34984148416119,2098.733333333333,389.7244767987917,21998.333333333332,3897.2581726603407,1.770225587570596,0.052281427802474,443.8927167086369,76.53706112456125,5.760785297915791,1.9078069315500854,20.64413074336081,4.370806801370772
