month,n_days,P_best_final_mean,P_best_final_std,N_conv_98_mean,N_conv_98_std,T_conv_98_seconds_mean,T_conv_98_seconds_std,duty_std_after_conv_mean,duty_std_after_conv_std,P_ripple_after_conv_mean,P_ripple_after_conv_std,mean_abs_error_mean,mean_abs_error_std,std_abs_error_mean,std_abs_error_std
Apr_2023,30,1582.6,40.40706664041278,210.76666666666668,656.7181562752847,2221.6666666666665,6889.479777834854,1.4657117595112505,0.05123816890091798,444.84594485428477,56.120711958656784,4.772618910031155,2.0399417011819434,20.546550090022887,4.4975315814002945
