month,n_days,P_best_final_mean,P_best_final_std,N_conv_98_mean,N_conv_98_std,T_conv_98_seconds_mean,T_conv_98_seconds_std,duty_std_after_conv_mean,duty_std_after_conv_std,P_ripple_after_conv_mean,P_ripple_after_conv_std,mean_abs_error_mean,mean_abs_error_std,std_abs_error_mean,std_abs_error_std
Apr_2023,30,1509.8666666666666,96.34984148416119,2098.733333333333,389.7244767987917,21998.333333333332,3897.2581726603407,1.4764993491207994,0.06154378925501974,443.8927167086369,76.53706112456125,4.772618910031155,2.0399417011819434,20.546550090022887,4.4975315814002945
