month,timestamp_date,n_samples,P_best_final,N_conv_98,T_conv_98_seconds,duty_converged,N_conv_duty_stable,T_conv_duty_stable_seconds,duty_mean,duty_std,duty_min,duty_max,duty_range,duty_step_mean,duty_step_max,duty_mean_after_stable,duty_std_after_stable,duty_step_mean_after_stable,duty_range_after_stable,duty_final_mean,duty_final_std,duty_final_range,duty_final_step_mean,duty_saturation_percent,duty_saturation_after_stable_percent,gbest_consistency_violations,gbest_monotonic_violations,stability_score,duty_std_after_conv,P_ripple_after_conv,error_mean,mean_abs_error,max_abs_error,error_saturation_percent,delta_e_mean,mean_abs_delta_e,max_abs_delta_e,delta_e_saturation_percent,std_abs_error
May_2022,20220501,4391,3305.0,2050,23040.0,1,2136,23900.0,42.64313368253245,3.15339750538996,37.0,51.0,14.0,0.059439763151901616,1.0,41.3569844789357,0.5123269697115906,0.03015521064301552,3.0,42.005,0.07071067811865477,1.0,0.01,0.0,0.0,0,0,54.274609038961714,0.5693830452134556,1096.7612221123816,0.03393304486449556,0.17376451833295378,23.0,0.0,0.0,0.31519016169437486,28.0,0.0,1.1207727638872726
May_2022,20220502,4699,3456.0,2065,21980.0,1,4042,41750.0,46.858906150244735,2.2599976443368006,42.0,53.0,11.0,0.027452649499893594,1.0,42.009132420091326,0.12312747137207761,0.0060882800608828,2.0,42.0,0.0,0.0,0.0,0.0,0.0,0,0,75.23233146477165,2.3516147426140477,1177.934476997886,-0.007661204511598212,0.051925941689721214,4.0,0.0,0.0,0.08682698446477974,4.0,0.0,0.4528256844711368
May_2022,20220503,4726,3456.0,2104,22430.0,1,3273,34120.0,50.281845112145575,0.8947326532359149,48.0,53.0,5.0,0.021794329242488364,1.0,50.28974535443909,0.7815966942171999,0.015141087405368204,4.0,50.0,0.0,0.0,0.0,0.0,0.0,0,0,45.52204675340786,0.8418082925451227,1184.215476047078,-0.0010579771476936098,0.04422344477359289,4.0,0.0,0.0,0.07829030892932713,8.0,0.0,0.4155081799772467
May_2022,20220504,4788,3531.0,2176,23050.0,1,3635,37640.0,46.32142857142857,3.909577550299149,38.0,52.0,14.0,0.09690893901420217,1.0,50.87510841283608,0.3535725549367626,0.03469210754553339,3.0,51.0,0.0,0.0,0.0,0.0,0.0,0,0,59.23241907638321,3.848589073670087,1159.334832209498,0.04406850459482038,0.2901002506265664,28.0,0.0,0.0,0.5233918128654971,37.0,0.0,1.5120193025875934
May_2022,20220505,4461,3831.0,1539,16430.0,1,3288,33920.0,19.919973100201748,18.664469677440167,0.0,50.0,50.0,0.09392512889486662,4.0,4.2378516624040925,0.7050762952140328,0.0443307757885763,4.0,4.4,0.5012547071170855,2.0,0.015,0.3586639766868415,0.0,0,0,46.52445846535443,6.180521026791514,1246.842952887372,0.540237614884555,0.8217888365837256,100.0,0.04483299708585519,0.012553239184039453,1.3068818650526788,100.0,0.06724949562878278,5.638896827141715
May_2022,20220506,4634,3831.0,1444,15270.0,1,4058,41410.0,18.345705653862755,21.63423642114784,0.0,50.0,50.0,0.14738886491152353,4.0,3.5520833333333335,0.518253756881452,0.03819444444444445,3.0,4.0,0.0,0.0,0.0,3.6037980146741475,0.0,0,0,53.86630229089013,9.3325078675422,1287.253919247474,2.0917134225291325,2.5699179974104447,100.0,1.078981441519206,-0.01294777729823047,4.287872248597324,100.0,1.7479499352611134,13.419736429217425
May_2022,20220507,4507,3531.0,2330,24590.0,1,3606,37350.0,19.01974706012869,20.758963980776635,0.0,50.0,50.0,0.0718881739516308,4.0,1.190899001109878,0.5089917831787125,0.048834628190899,3.0,0.99,0.09974842727441166,1.0,0.02,0.8875083203905035,1.9977802441731412,0,0,35.00522324453927,0.5959273538689046,1281.3637447457868,0.4477479476370091,0.6017306412247615,100.0,0.15531395606833814,0.0033281562014643887,0.9658309296649656,100.0,0.22187708009762588,6.0113464711442255
May_2022,20220508,4814,3831.0,1705,18410.0,1,4049,41850.0,17.288117989198174,20.822977229692356,0.0,49.0,49.0,0.13211466555878687,4.0,1.1738562091503268,0.4399505031997524,0.026143790849673203,3.0,1.0,0.0,0.0,0.0,2.9081844619858748,0.39215686274509803,0,0,50.96391296464205,3.7913572329566096,1289.3829799819996,1.5334441213128376,1.943082675529705,100.0,0.8516825924387205,0.007685916078105526,3.2818861653510596,100.0,1.2879102617366016,11.686841205206951
May_2022,20220509,4657,3681.0,2646,27180.0,1,4038,41100.0,38.89327893493665,10.784637711745171,23.0,52.0,29.0,0.08481855271634099,4.0,27.88529886914378,0.3834273552399358,0.05492730210016155,3.0,28.0,0.0,0.0,0.0,0.0,0.0,0,0,57.52566058816367,1.8090177665156673,1140.445272173263,0.33175864290315654,0.5851406484861499,100.0,0.12883830792355594,0.0,1.0611981962636892,100.0,0.23620356452651922,5.581758992269594
May_2022,20220510,4571,3831.0,1545,16880.0,1,3974,42610.0,42.22949026471232,11.623396242046972,26.0,61.0,35.0,0.0870706628746445,4.0,28.633165829145728,0.7149685737014804,0.09045226130653267,3.0,29.0,0.0,0.0,0.0,0.0,0.0,0,0,47.49644267656324,9.15484775270756,1345.7038342676015,0.3364690439728725,0.6685626777510392,100.0,0.02187705097352877,-0.004375410194705754,1.1319186173703786,100.0,0.06563115292058631,5.046715517829172
May_2022,20220511,4648,3831.0,1535,16880.0,1,2702,28550.0,20.59961273666093,23.56372109540523,0.0,67.0,67.0,0.08519793459552495,4.0,1.158273381294964,0.5587590908658852,0.050359712230215826,3.0,1.0,0.0,0.0,0.0,3.5283993115318415,8.427543679342241,0,0,16.332155159120287,7.357025909414204,1125.5035865666557,0.9629948364888123,1.141566265060241,100.0,0.4302925989672977,-0.0025817555938037868,1.8889845094664373,100.0,0.7530120481927711,9.073698792070706
May_2022,20220512,4816,3230.0,2019,21540.0,1,4230,43650.0,40.22757475083056,7.675162272097578,26.0,49.0,23.0,0.028862126245847178,1.0,29.878839590443686,0.35661660545271623,0.03754266211604096,3.0,30.0,0.1002509414234171,2.0,0.02,0.0,0.0,0,0,59.02632763890453,6.9680683068289415,1266.783896991001,0.03280730897009967,0.0888704318936877,42.0,0.0,0.0,0.16528239202657807,42.0,0.0,1.0427979233090332
May_2022,20220513,4665,3230.0,2066,22020.0,1,3924,40600.0,44.45809217577706,2.3027715151576653,41.0,49.0,8.0,0.02979635584137192,1.0,42.06207827260459,0.30122362946190206,0.04588394062078273,3.0,42.0,0.0,0.0,0.0,0.0,0.0,0,0,60.71248886008095,1.3423634286865262,1103.394176347128,0.01307609860664523,0.08167202572347267,32.0,0.0,0.0,0.1444801714898178,32.0,0.0,0.8580517340723872
May_2022,20220514,4639,3756.0,2371,24920.0,1,3432,35530.0,45.99611985341669,4.331606370243721,37.0,54.0,17.0,0.09355464539771502,3.0,39.28251864125932,0.5392251852797154,0.08285004142502071,4.0,39.0,0.0,0.0,0.0,0.0,0.0,0,0,49.454144276800456,3.9402299617530643,955.7922784906945,0.2002586764388877,0.5037723647337788,89.0,0.0,0.0,0.9299417978012503,89.0,0.0,3.56851511497903
May_2022,20220515,4659,3831.0,1375,14810.0,1,2849,29550.0,22.128783000643914,20.788248954394156,0.0,52.0,52.0,0.13114402232238678,4.0,1.5314917127071823,0.6034290132280323,0.07403314917127071,4.0,2.0,0.0,0.0,0.0,2.4683408456750375,5.359116022099448,0,0,21.021563153787525,13.269081268777093,1350.5943683529608,0.8561923159476282,1.472204335694355,100.0,0.34342133505044,-0.0042927666881305004,2.50955140588109,100.0,0.5580596694569651,8.975219336755316
May_2022,20220516,4928,3305.0,2284,24110.0,1,4052,41790.0,47.48965097402598,3.525645330270761,39.0,52.0,13.0,0.037134740259740256,1.0,45.98858447488585,0.11654965709998441,0.00684931506849315,2.0,46.0,0.0,0.0,0.0,0.0,0.0,0,0,75.56300261903885,3.8952017053410284,1172.7878949143494,-0.0016233766233766235,0.07224025974025974,4.0,0.0,0.0,0.12743506493506493,8.0,0.0,0.5296721258434965
May_2022,20220517,5062,3456.0,1962,20930.0,1,3904,40350.0,41.782694587119714,7.30384621557498,27.0,54.0,27.0,0.08830501777953378,1.0,33.83592400690846,0.4103517488039012,0.031088082901554404,3.0,34.0,0.0,0.0,0.0,0.0,0.0,0,0,57.42374682108101,6.337599763528854,1282.2723218312153,0.05689450809956539,0.24891347293559857,37.0,0.0,0.0,0.4468589490320032,37.0,0.0,1.3593855487551079
May_2022,20220518,4893,3831.0,1574,33950.0,1,4288,61090.0,37.13406907827509,9.28720942640007,25.0,52.0,27.0,0.1794400163498876,4.0,27.393388429752065,0.5759724769785173,0.026446280991735537,2.0,27.0,0.0,0.0,0.0,0.0,0.0,0,0,55.4810027124953,6.1905448955995395,1008.4225613678733,0.18843245452687513,0.9462497445330064,100.0,0.020437359493153485,-0.002861230329041488,1.7114244839566728,100.0,0.04087471898630697,4.311294179075548
May_2022,20220519,4886,3831.0,1732,18060.0,1,3571,36450.0,18.673557101923866,20.336918159865277,0.0,50.0,50.0,0.12546049938600082,4.0,2.643346007604563,0.4932800149875357,0.033460076045627375,3.0,2.0,0.0,0.0,0.0,2.3331968890708144,0.0,0,0,54.74232513473892,5.885752840472822,1160.8108709081594,1.0575112566516578,1.521694637740483,100.0,0.30699959066721244,-0.0008186655751125665,2.5460499386000817,100.0,0.4502660663119116,9.157724062438579
May_2022,20220520,4812,3831.0,2249,24150.0,1,4057,42230.0,19.369700748129677,20.344473189328212,0.0,50.0,50.0,0.0885286783042394,4.0,2.670198675496689,0.536319452043419,0.03708609271523179,3.0,3.0,0.0,0.0,0.0,3.99002493765586,0.0,0,0,53.378725327133004,1.0648000844511631,1320.9991902973097,0.8160847880299252,1.0862427265170407,100.0,0.3325020781379884,0.0020781379883624274,1.8387364921030755,100.0,0.4987531172069825,8.309103392232478
May_2022,20220521,4745,3305.0,2094,22110.0,1,3903,40200.0,41.632876712328766,9.414347962643841,26.0,56.0,30.0,0.03582718651211802,4.0,27.07007125890736,0.39144507380720184,0.023752969121140142,3.0,26.995,0.07071067811865474,1.0,0.01,0.0,0.0,0,0,58.30230532986786,7.303676726756158,1089.861481742385,0.1357218124341412,0.19978925184404636,100.0,0.021074815595363543,0.0,0.339304531085353,100.0,0.021074815595363543,3.4660057084618576
May_2022,20220522,5115,3305.0,2311,24480.0,1,3109,32460.0,48.13548387096774,1.0437355894686058,45.0,50.0,5.0,0.03128054740957967,1.0,47.01545363908275,0.7148307569393967,0.05084745762711865,4.0,47.0,0.0,0.0,0.0,0.0,0.0,0,0,46.174911548443546,1.0809650982160266,1296.102148712251,-0.005083088954056696,0.07624633431085044,15.0,0.0,0.0,0.13998044965786902,24.0,0.0,0.640545073911824
May_2022,20220523,5057,3230.0,2139,22730.0,1,3992,41260.0,44.558631599762705,4.059556278430359,39.0,58.0,19.0,0.08562388768044295,2.0,40.1962441314554,0.43570116393417146,0.05821596244131456,3.0,40.0,0.0,0.0,0.0,0.0,0.0,0,0,55.743935173886584,2.4624399667421386,1245.178057701842,0.10025706940874037,0.3355744512556852,79.0,0.0,0.0,0.6426735218508998,79.0,0.0,2.4987944148595354
May_2022,20220524,5022,3155.0,2307,42300.0,1,3165,50880.0,57.176224611708484,4.779983850616709,48.0,62.0,14.0,0.047590601354042215,1.0,60.470651588583735,0.5505926037368922,0.05708131394722671,4.0,60.0,0.0,0.0,0.0,0.0,0.0,0,0,49.808885356916655,1.213036853860382,1195.632127307868,0.017921146953405017,0.10314615690959777,28.0,0.0,0.0,0.1911589008363202,28.0,0.0,0.8127359909723907
May_2022,20220525,5145,3230.0,2213,23540.0,1,4034,41750.0,50.00291545189504,5.274335516221845,42.0,59.0,17.0,0.045481049562682216,4.0,43.18361836183618,0.40329929219620836,0.016201620162016202,3.0,43.0,0.0,0.0,0.0,0.0,0.0,0,0,58.156409968316986,5.66064198850673,1237.263868392871,0.08629737609329446,0.18658892128279883,100.0,0.038872691933916424,0.0,0.32225461613216716,100.0,0.05830903790087463,2.446188939091297
May_2022,20220526,4946,3681.0,2741,28950.0,1,3737,38910.0,27.41548726243429,10.446117451138111,16.0,50.0,34.0,0.08491710473109583,2.0,18.906534325889165,0.34338399096765876,0.02977667493796526,3.0,19.0,0.0,0.0,0.0,0.0,0.0,0,0,59.76712340764564,1.3734456641955897,989.9189212248199,0.19389405580266883,0.414678528103518,75.0,0.0,0.0,0.7023857662757784,75.0,0.0,2.942883803974013
May_2022,20220527,1670,75.0,0,0.0,1,0,0.0,49.0,0.0,49.0,49.0,0.0,0.0,0.0,49.0,0.0,0.0,0.0,49.0,0.0,0.0,0.0,0.0,0.0,0,0,100.0,0.0,0.0,0.0,0.0,0.0,0.0,0.0,0.0,0.0,0.0,0.0
May_2022,20220528,2336,75.0,0,0.0,1,0,0.0,49.0,0.0,49.0,49.0,0.0,0.0,0.0,49.0,0.0,0.0,0.0,49.0,0.0,0.0,0.0,0.0,0.0,0,0,100.0,0.0,0.0,0.0,0.0,0.0,0.0,0.0,0.0,0.0,0.0,0.0
May_2022,20220529,1741,75.0,0,0.0,1,0,0.0,49.0,0.0,49.0,49.0,0.0,0.0,0.0,49.0,0.0,0.0,0.0,49.0,0.0,0.0,0.0,0.0,0.0,0,0,100.0,0.0,0.0,0.0,0.0,0.0,0.0,0.0,0.0,0.0,0.0,0.0
May_2022,20220530,2517,150.0,1756,35710.0,1,0,0.0,49.00039729837108,0.01993234484642182,49.0,50.0,1.0,0.0007945967421533572,1.0,49.00039729837108,0.01993234484642182,0.0007945967421533572,1.0,49.0,0.0,0.0,0.0,0.0,0.0,0,0,89.22780053654722,0.03624997167972068,4.702809307363349,-0.0015891934843067143,0.0015891934843067143,4.0,0.0,0.0,0.0031783869686134287,4.0,0.0,0.07972937938568728
May_2022,20220531,2781,150.0,1471,50260.0,1,0,0.0,49.0,0.0,49.0,49.0,0.0,0.0,0.0,49.0,0.0,0.0,0.0,49.0,0.0,0.0,0.0,0.0,0.0,0,0,100.0,0.0,2.929372917442064,0.0,0.0,0.0,0.0,0.0,0.0,0.0,0.0,0.0
Jun_2022,20220601,2107,16.0,1144,31730.0,0,-1,-1.0,59.094447081158044,8.676419152069458,47.0,76.0,29.0,0.06929283341243474,1.0,62.435,2.209112011509825,0.125,10.0,62.435,2.209112011509825,10.0,0.125,0.0,0.0,0,0,6.976365185349692,4.261285059088635,1.79473379083024,0.0,0.0,0.0,0.0,0.0,0.0,0.0,0.0,0.0
Jun_2022,20220602,2052,8.0,60,27870.0,0,-1,-1.0,54.8182261208577,8.911701814259164,27.0,68.0,41.0,0.06237816764132553,1.0,33.965,4.261994602290076,0.12,14.0,33.965,4.261994602290076,14.0,0.12,0.0,0.0,0,0,5.958767260380001,8.986705822896623,0.49854986489899034,0.0,0.0,0.0,0.0,0.0,0.0,0.0,0.0,0.0
Jun_2022,20220603,3128,16.0,1235,26000.0,0,-1,-1.0,11.150575447570333,14.711597784012202,0.0,50.0,50.0,0.04635549872122762,1.0,14.58,2.2514317052973407,0.065,7.0,14.58,2.2514317052973407,7.0,0.065,22.346547314578004,0.0,0,0,7.134483447895388,5.19072614427557,3.0164214558570754,0.0,0.0,0.0,0.0,0.0,0.0,0.0,0.0,0.0
Jun_2022,20220604,4742,336.0,1364,18880.0,1,4464,55840.0,86.2129902994517,11.290257645252055,49.0,100.0,51.0,0.06938000843525939,1.0,88.0179856115108,0.15794336990033192,0.007194244604316547,2.0,88.0,0.0,0.0,0.0,5.567271193589203,0.0,0,0,73.25268818139322,6.712310171516651,129.54859554460617,0.007591733445803458,0.010965837199493884,17.0,0.0,0.0,0.021509911429776464,17.0,0.0,0.2828985538060322
Jun_2022,20220605,4002,16383.0,136,6440.0,0,-1,-1.0,32.68815592203898,15.131340498493708,6.0,65.0,59.0,0.11069465267366317,1.0,20.02,3.631188185455411,0.11,16.0,20.02,3.631188185455411,16.0,0.11,0.0,0.0,0,0,6.119506052136753,15.003922514853832,794.6487075676185,0.05747126436781609,0.09645177411294353,20.0,0.0,0.0,0.1679160419790105,20.0,0.0,0.9835906369841116
Jun_2022,20220606,4676,328.0,1728,17380.0,0,-1,-1.0,57.617835757057314,17.505715323387953,22.0,100.0,78.0,0.09153122326775022,1.0,97.275,1.2875027443011198,0.035,4.0,97.275,1.2875027443011198,4.0,0.035,0.6415739948674081,15.0,0,0,4.944986348348049,16.01166367466726,128.1494718070707,0.0053464499572284,0.007057313943541489,18.0,0.0,0.0,0.014114627887082978,18.0,0.0,0.2770227924134551
Jun_2022,20220607,3960,352.0,2069,51280.0,0,-1,-1.0,36.80555555555556,17.376026995968665,0.0,67.0,67.0,0.09015151515151515,1.0,44.72,2.6621486013893736,0.04,6.0,44.72,2.6621486013893736,6.0,0.04,0.6818181818181818,0.0,0,0,6.991956438649055,7.460418864262595,90.22700866198741,0.005555555555555556,0.00808080808080808,10.0,0.0,0.0,0.01616161616161616,10.0,0.0,0.23451885692078306
Jun_2022,20220608,5301,328.0,2014,40860.0,0,-1,-1.0,17.395397094887755,13.148550732169568,0.0,49.0,49.0,0.09979249198264478,1.0,16.825,2.404847491481826,0.13,8.0,16.825,2.404847491481826,8.0,0.13,3.433314468968119,0.0,0,0,6.976007248031264,7.881649724639476,126.92388743141856,0.00415016034710432,0.007545746085644218,10.0,0.0,0.0,0.015091492171288436,10.0,0.0,0.187182773234024
Jun_2022,20220609,5492,328.0,2081,40200.0,0,-1,-1.0,73.0924981791697,15.659408816690693,40.0,100.0,60.0,0.1088856518572469,1.0,77.83,2.6393047660778413,0.065,9.0,77.83,2.6393047660778413,9.0,0.065,3.3139111434814272,0.0,0,0,6.847296163818428,15.319809593009627,125.75482318620091,0.0,0.0,0.0,0.0,0.0,0.0,0.0,0.0,0.0
Jun_2022,20220610,5942,328.0,2094,40300.0,0,-1,-1.0,29.403062941770447,18.125308019970166,0.0,60.0,60.0,0.09996634129922585,1.0,38.61,4.486484449272932,0.115,12.0,38.61,4.486484449272932,12.0,0.115,3.6014809828340626,0.0,0,0,5.951855046018115,18.9054693198145,128.30682553186332,0.0,0.0,0.0,0.0,0.0,0.0,0.0,0.0,0.0
Jun_2022,20220611,5815,327.0,2648,43500.0,0,-1,-1.0,58.63645743766122,24.091027748833156,9.0,100.0,91.0,0.11349957007738606,1.0,15.925,2.9653569276804967,0.095,11.0,15.925,2.9653569276804967,11.0,0.095,2.3903697334479794,0.0,0,0,6.596150768549207,24.130539379641792,124.11547722489179,0.006190885640584695,0.008942390369733448,9.0,0.0,0.0,0.016852966466036113,9.0,0.0,0.1824493161360421
Jun_2022,20220612,5579,368.0,2147,40990.0,0,-1,-1.0,39.83617135687399,17.584770154325472,4.0,77.0,73.0,0.13174404015056462,1.0,38.605,2.7195504727563606,0.04,8.0,38.605,2.7195504727563606,8.0,0.04,0.0,0.0,0,0,6.868343922232949,10.957271872609649,114.37321681723586,0.028858218318695106,0.032801577343609965,16.0,0.0,0.0,0.06524466750313676,16.0,0.0,0.6405947665695358
Jun_2022,20220613,5284,344.0,2948,48320.0,0,-1,-1.0,70.7456472369417,19.255252410402505,26.0,100.0,74.0,0.14742619227857684,1.0,87.325,3.052204903650695,0.05,8.0,87.325,3.052204903650695,8.0,0.05,2.6495079485238455,0.0,0,0,6.710416387812673,17.18943759828382,113.4769239081261,0.007948523845571537,0.00984102952308857,9.0,0.0,0.0,0.01854655563966692,9.0,0.0,0.22835537990482774
Jun_2022,20220614,4788,351.0,3148,50720.0,0,-1,-1.0,62.92230576441103,10.816847895794035,36.0,89.0,53.0,0.13178780284043443,1.0,48.095,1.0447163063741371,0.04,4.0,48.095,1.0447163063741371,4.0,0.04,0.0,0.0,0,0,8.00979353843583,12.059643774234296,86.04610525553305,0.006474519632414369,0.01858813700918964,6.0,0.0,0.0,0.03634085213032581,6.0,0.0,0.21308052999668625
Jun_2022,20220615,5199,336.0,3405,53610.0,1,4792,70250.0,63.648778611271396,17.75681493603516,27.0,100.0,73.0,0.11713791113675708,1.0,99.7002457002457,0.46405254774530114,0.014742014742014743,2.0,99.605,0.4900774218396365,1.0,0.01,5.501057895749183,70.27027027027027,0,0,2.7163630946592012,12.174283721099423,80.04561143478274,0.007309097903442969,0.01154068090017311,9.0,0.0,0.0,0.022696672437007116,9.0,0.0,0.20633836577348166
Jun_2022,20220616,5005,360.0,2590,45230.0,0,-1,-1.0,78.27652347652348,14.363913140267083,43.0,100.0,57.0,0.10809190809190809,1.0,89.33,1.8838376313009375,0.055,7.0,89.33,1.8838376313009375,7.0,0.055,2.957042957042957,0.0,0,0,7.332003115170272,9.83352012864608,124.71764673904329,0.05614385614385614,0.06213786213786214,18.0,0.0,0.0,0.11268731268731269,18.0,0.0,0.7586004516600408
Jun_2022,20220617,5324,376.0,1614,16840.0,0,-1,-1.0,19.003005259203608,12.274048017168477,0.0,49.0,49.0,0.12096168294515403,1.0,11.385,6.738979464362949,0.08,16.0,11.385,6.738979464362949,16.0,0.08,3.831705484598046,0.0,0,0,5.149601202448182,8.945523322843654,129.8947739970476,0.07006010518407213,0.07982719759579264,14.0,0.0,0.0,0.14988730277986476,14.0,0.0,0.7774138160653666
Jun_2022,20220618,5622,335.0,1632,36820.0,0,-1,-1.0,61.51156172180718,22.240668806426207,19.0,100.0,81.0,0.11152614727854857,1.0,56.29,2.48935421788675,0.035,7.0,56.29,2.48935421788675,7.0,0.035,3.4863038064745644,0.0,0,0,7.030196131804186,22.958984426703502,130.61742128811497,0.0026680896478121665,0.004446816079686944,9.0,0.0,0.0,0.008893632159373888,9.0,0.0,0.16706644021255684
Jun_2022,20220619,5360,352.0,2324,43140.0,0,-1,-1.0,60.55391791044776,18.285805136126015,34.0,100.0,66.0,0.10335820895522388,1.0,97.63,2.3474780651438807,0.08,11.0,97.63,2.3474780651438807,11.0,0.08,2.8917910447761193,35.5,0,0,3.0981354800451086,18.541171867210917,126.86441478308065,-0.00018656716417910448,0.00018656716417910448,1.0,0.0,0.0,0.00037313432835820896,1.0,0.0,0.013658959117703824
Jun_2022,20220620,5079,343.0,2042,20420.0,0,-1,-1.0,30.844654459539278,22.238531225002404,0.0,68.0,68.0,0.1309312856861587,1.0,9.77,6.0114714458877385,0.09,15.0,9.77,6.0114714458877385,15.0,0.09,5.276629257727899,0.0,0,0,5.375918797117912,14.758430711890014,125.76515228332953,0.0,0.0,0.0,0.0,0.0,0.0,0.0,0.0,0.0
Jun_2022,20220621,5339,391.0,2814,45630.0,1,4905,68680.0,56.68495973028657,9.772554896207525,39.0,76.0,37.0,0.12249484922270087,1.0,44.02073732718894,0.8053134229196983,0.013824884792626729,2.0,43.635,0.7905058491165243,2.0,0.02,0.0,0.0,0,0,49.52607734598408,5.639759181048089,113.54075730631428,0.004495223824686271,0.014234875444839857,6.0,0.0,0.0,0.025472935006555536,6.0,0.0,0.1681440295166073
Jun_2022,20220622,5327,399.0,2349,23940.0,0,-1,-1.0,48.32889055753707,18.664738723065465,18.0,80.0,62.0,0.12389712783930917,1.0,22.65,2.9802532690593084,0.105,10.0,22.65,2.9802532690593084,10.0,0.105,0.0,0.0,0,0,6.628990459517544,13.266781101355464,117.5713742127362,0.011826544021024968,0.024591702646893185,7.0,0.0,0.0,0.045053501032476066,7.0,0.0,0.21394252027462934
Jun_2022,20220623,5206,335.0,1996,20530.0,0,-1,-1.0,44.75585862466385,21.560159544837262,0.0,83.0,83.0,0.10007683442182097,1.0,53.045,3.0969226093399893,0.065,9.0,53.045,3.0969226093399893,9.0,0.065,0.057625816365731844,0.0,0,0,6.639258652012287,23.556468931094383,127.79789197592073,0.0,0.0,0.0,0.0,0.0,0.0,0.0,0.0,0.0
Jun_2022,20220624,5311,384.0,1512,35130.0,1,5034,73570.0,12.500282432686877,14.360070644746147,0.0,55.0,55.0,0.10977217096591979,1.0,0.7436823104693141,0.8821939138342753,0.021660649819494584,2.0,0.675,0.9239281444357035,2.0,0.02,20.39163999246846,54.87364620938629,0,0,3.385162694055284,9.097993722082977,131.94565310222154,0.037281114667670874,0.04970815289022783,12.0,0.0,0.0,0.07343249858783657,11.0,0.0,0.48224151915213415
Jun_2022,20220625,5521,351.0,2123,41130.0,0,-1,-1.0,39.59844231117551,16.100593801520855,0.0,64.0,64.0,0.10559681217170802,1.0,51.56,3.1201082315978117,0.05,10.0,51.56,3.1201082315978117,10.0,0.05,4.256475276218077,0.0,0,0,6.591910780946839,18.25927420228697,131.1112166625028,0.0009056330374932077,0.001630139467487774,1.0,0.0,0.0,0.0028980257199782648,1.0,0.0,0.040345717821354966
Jun_2022,20220626,5450,320.0,1971,40150.0,0,-1,-1.0,51.95669724770642,8.55862707252591,30.0,71.0,41.0,0.11174311926605504,1.0,44.315,4.009508171695685,0.065,12.0,44.315,4.009508171695685,12.0,0.065,0.0,0.0,0,0,6.14457892951371,9.912000262702147,125.19352827646182,0.0,0.0,0.0,0.0,0.0,0.0,0.0,0.0,0.0
Jun_2022,20220627,5903,320.0,2140,41580.0,0,-1,-1.0,38.90699644248687,18.825294728841317,0.0,72.0,72.0,0.11553447399627308,1.0,23.13,1.7631344861015004,0.02,4.0,23.13,1.7631344861015004,4.0,0.02,0.5590377774013213,0.0,0,0,7.585449432031992,17.087293942892252,128.119079649868,0.0,0.001355243096730476,3.0,0.0,0.0,0.002710486193460952,5.0,0.0,0.05204909650680676
Jun_2022,20220628,6048,399.0,2754,40320.0,0,-1,-1.0,73.69923941798942,11.758202218655898,49.0,100.0,51.0,0.0818452380952381,1.0,92.95,2.617586444412075,0.045,7.0,92.95,2.617586444412075,7.0,0.045,0.248015873015873,0.0,0,0,6.962534247367828,12.154840655841785,100.51168626470746,0.014384920634920634,0.02166005291005291,9.0,0.0,0.0,0.041666666666666664,9.0,0.0,0.29832300507642295
Jun_2022,20220629,5539,320.0,2375,42470.0,0,-1,-1.0,47.38400433291208,14.265704775881193,19.0,73.0,54.0,0.08593608954684961,1.0,48.335,1.9677742955918396,0.035,7.0,48.335,1.9677742955918396,7.0,0.035,0.0,0.0,0,0,7.297792245776815,15.975370960091723,124.20116523629041,0.00018053800324968405,0.0005416140097490522,1.0,0.0,0.0,0.0010832280194981044,1.0,0.0,0.023268399399448823
Jun_2022,20220630,4816,312.0,2230,41050.0,0,-1,-1.0,73.50041528239203,9.45330107303543,47.0,92.0,45.0,0.08201827242524917,1.0,82.46,2.835241253372298,0.035,7.0,82.46,2.835241253372298,7.0,0.035,0.0,0.0,0,0,6.863304338001602,11.453639669443282,126.47414099846323,0.0029069767441860465,0.0029069767441860465,3.0,0.0,0.0,0.005813953488372093,3.0,0.0,0.08641865102620061
Jul_2022,20220701,4743,384.0,2357,23960.0,0,-1,-1.0,21.767657600674678,12.278574113462607,0.0,51.0,51.0,0.1111111111111111,1.0,19.29,4.8095278135119175,0.08,16.0,19.29,4.8095278135119175,16.0,0.08,0.8222643896268185,0.0,0,0,5.717707251235382,10.35155221860777,130.3432875496983,0.0320472274931478,0.03837233818258486,12.0,0.0,0.0,0.07084123972169513,12.0,0.0,0.5003196435999575
Jul_2022,20220702,4503,384.0,1303,13070.0,0,-1,-1.0,16.379746835443036,16.877775750526833,0.0,59.0,59.0,0.10548523206751055,1.0,15.495,8.197313875524674,0.12,24.0,15.495,8.197313875524674,24.0,0.12,15.967133022429492,0.0,0,0,4.604621021419209,10.111389229472408,133.35221887130092,0.024428159005107707,0.05240950477459472,13.0,0.0,0.0,0.09460359760159893,13.0,0.0,0.527694026433696
Jul_2022,20220703,4763,376.0,2292,23470.0,0,-1,-1.0,10.570858702498425,12.035880447275039,0.0,49.0,49.0,0.09783749737560361,1.0,12.25,2.3333931554906155,0.045,9.0,12.25,2.3333931554906155,9.0,0.045,19.189586395129123,0.0,0,0,7.003589193196153,3.722995916954514,108.99233675549473,0.019315557421792987,0.029393239554902372,12.0,0.0,0.0,0.052487927776611376,12.0,0.0,0.35255262428469886
Jul_2022,20220704,5111,320.0,1846,38970.0,0,-1,-1.0,27.21678732146351,17.904365425810067,0.0,76.0,76.0,0.08158873018978674,1.0,65.615,5.95179758328203,0.1,20.0,65.615,5.95179758328203,20.0,0.1,0.37174721189591076,0.0,0,0,5.248848543706452,16.84327860984135,125.55624610503952,0.0019565642731363725,0.005869692819409118,4.0,0.0,0.0,0.010565447074936412,4.0,0.0,0.10263067105393954
Jul_2022,20220705,4718,328.0,2093,39500.0,0,-1,-1.0,21.995548961424333,18.710082413373826,0.0,67.0,67.0,0.08372191606612972,1.0,24.97,3.9199400056941185,0.055,11.0,24.97,3.9199400056941185,11.0,0.055,4.005934718100891,0.0,0,0,6.220863030566688,8.88863906745823,128.8785230758821,0.0,0.001695633743111488,2.0,0.0,0.0,0.003391267486222976,2.0,0.0,0.046012125974668194
Jul_2022,20220706,5312,399.0,1496,15000.0,0,-1,-1.0,79.0679593373494,20.556943460444906,40.0,100.0,60.0,0.07624246987951808,1.0,91.72,2.2487517475503056,0.06,7.0,91.72,2.2487517475503056,7.0,0.06,10.18448795180723,0.0,0,0,7.138394755084933,10.524485862952242,127.64937504618966,0.0009412650602409639,0.0028237951807228916,3.0,0.0,0.0,0.005647590361445783,3.0,0.0,0.07124474045971747
Jul_2022,20220707,5455,320.0,2124,40440.0,0,-1,-1.0,60.26031164069661,21.758476708333056,26.0,100.0,74.0,0.08579285059578369,1.0,44.12,5.089707813631418,0.09,18.0,44.12,5.089707813631418,18.0,0.09,2.1081576535288726,0.0,0,0,5.561825644584971,22.604051439073558,125.53253569720202,0.0,0.0,0.0,0.0,0.0,0.0,0.0,0.0,0.0
Jul_2022,20220708,5299,360.0,2256,39390.0,0,-1,-1.0,64.57520286846575,23.114233617129344,18.0,100.0,82.0,0.11247405170786941,1.0,19.325,1.5975405091552326,0.045,5.0,19.325,1.5975405091552326,5.0,0.045,4.170598226080393,0.0,0,0,7.6088789629629785,28.09491705567018,126.08691928565874,0.005284015852047556,0.008680883185506699,5.0,0.0,0.0,0.01622947725986035,6.0,0.0,0.13149019528436512
Jul_2022,20220709,5182,320.0,1996,39700.0,0,-1,-1.0,50.494017753763025,8.911381619065526,26.0,68.0,42.0,0.08857583944423003,1.0,66.145,1.6876658675229557,0.025,5.0,66.145,1.6876658675229557,5.0,0.025,0.0,0.0,0,0,7.568495336418244,9.581426735816068,133.27328788650118,0.0,0.0,0.0,0.0,0.0,0.0,0.0,0.0,0.0
Jul_2022,20220710,5591,384.0,2425,42830.0,1,5263,75700.0,84.9007333214094,13.069388964515245,49.0,100.0,51.0,0.1006975496333393,1.0,99.73170731707317,0.5862602252322906,0.006097560975609756,2.0,100.0,0.0,0.0,0.0,10.785190484707567,80.48780487804879,0,0,2.378898585749427,7.871343160478847,119.60552133736383,0.042389554641387946,0.04811303881237704,14.0,0.0,0.0,0.08048649615453407,14.0,0.0,0.5851559113000759
Jul_2022,20220711,5110,407.0,1730,39210.0,0,-1,-1.0,21.491780821917807,24.941556878065285,0.0,79.0,79.0,0.11819960861056751,1.0,28.3,6.411359266036412,0.085,17.0,28.3,6.411359266036412,17.0,0.085,14.383561643835616,0.0,0,0,5.209321132936246,8.250857519607353,117.95141441551029,0.019373776908023485,0.03189823874755381,8.0,0.0,0.0,0.0547945205479452,8.0,0.0,0.3032416326680044
Jul_2022,20220712,5462,352.0,2381,43010.0,0,-1,-1.0,44.61662394727206,19.60220218348781,2.0,76.0,74.0,0.11241303551812523,1.0,11.225,5.705888257232181,0.07,14.0,11.225,5.705888257232181,14.0,0.07,0.0,0.0,0,0,5.501794387419279,16.342817545040088,104.47047334131136,0.03130721347491761,0.039729036982790185,16.0,0.0,0.0,0.07579641157085316,16.0,0.0,0.5514009390639211
Jul_2022,20220713,5405,391.0,2793,46920.0,0,-1,-1.0,64.44884366327474,13.63149834353249,34.0,92.0,58.0,0.10009250693802035,1.0,53.44,2.827787458340485,0.125,13.0,53.44,2.827787458340485,13.0,0.125,0.0,0.0,0,0,6.556178683609617,10.952207725177436,103.0179005270389,0.008140610545790935,0.012950971322849213,10.0,0.0,0.0,0.025901942645698426,10.0,0.0,0.24146934558455227
Jul_2022,20220714,4660,320.0,2412,43380.0,0,-1,-1.0,31.593776824034336,20.82841119546125,0.0,82.0,82.0,0.10493562231759657,1.0,51.66,1.3391664699248014,0.015,3.0,51.66,1.3391664699248014,3.0,0.015,5.343347639484978,0.0,0,0,7.902535519638557,23.15114862981239,119.45393503152212,0.00536480686695279,0.00793991416309013,5.0,0.0,0.0,0.014163090128755365,5.0,0.0,0.13642023063010014
Jul_2022,20220715,4254,407.0,2968,36450.0,0,-1,-1.0,17.965679360601786,19.026575577964476,0.0,63.0,63.0,0.1076633756464504,1.0,46.995,2.564734746832124,0.06,11.0,46.995,2.564734746832124,11.0,0.06,18.124118476727784,0.0,0,0,6.791293814071182,16.32315815058855,82.5051419660705,0.003291020216267043,0.004231311706629055,3.0,0.0,0.0,0.00846262341325811,3.0,0.0,0.07807319358985963
Jul_2022,20220716,4435,408.0,1397,13970.0,0,-1,-1.0,38.40518602029312,11.449156897669955,12.0,56.0,44.0,0.13213077790304398,1.0,16.475,0.9129856042500556,0.015,3.0,16.475,0.9129856042500556,3.0,0.015,0.0,0.0,0,0,8.17796186848987,11.865588108440486,123.33832626023121,0.09019165727170236,0.12581736189402482,12.0,0.0,0.0,0.2254791431792559,12.0,0.0,0.8045027085368368
Jul_2022,20220717,4727,408.0,2157,21570.0,0,-1,-1.0,31.44764121006981,16.391016547019476,0.0,56.0,56.0,0.12904590649460546,1.0,28.98,1.677399279154651,0.045,5.0,28.98,1.677399279154651,5.0,0.045,6.473450391368734,0.0,0,0,7.56292393602512,12.966970303353172,117.46634419805886,0.06071504125237995,0.09287074254283902,14.0,0.0,0.0,0.17008673577321767,14.0,0.0,0.7021865589788796
Jul_2022,20220718,4824,400.0,3018,30380.0,0,-1,-1.0,29.73320895522388,19.06072250537713,0.0,63.0,63.0,0.10717247097844113,1.0,39.735,5.591160917198686,0.11,22.0,39.735,5.591160917198686,22.0,0.11,4.270315091210613,0.0,0,0,5.290680315250226,12.431743830355689,91.35512323226762,0.07317578772802653,0.09307628524046435,15.0,0.0,0.0,0.14966832504145938,15.0,0.0,0.8529939889379172
Jul_2022,20220719,4499,384.0,3051,49740.0,1,4147,63910.0,77.03578573016226,18.133583896720612,46.0,100.0,54.0,0.09979995554567682,1.0,99.99147727272727,0.11904692529490385,0.005681818181818182,2.0,100.0,0.0,0.0,0.0,12.691709268726385,99.43181818181817,0,0,1.9592231649705312,3.9824962949704443,99.25438854929436,0.007334963325183374,0.010446765947988441,13.0,0.0,0.0,0.01733718604134252,13.0,0.0,0.2550115743807113
Jul_2022,20220720,5089,400.0,2299,43890.0,0,-1,-1.0,18.612694045981527,13.872762582114456,0.0,49.0,49.0,0.08587148752210651,1.0,18.52,4.517926326475155,0.075,15.0,18.52,4.517926326475155,15.0,0.075,12.320691687954412,0.0,0,0,5.850373311743025,8.920422383169534,116.16047450789257,0.009825112988799371,0.013362153664767144,11.0,0.0,0.0,0.02436628021222244,11.0,0.0,0.25815754323415413
Jul_2022,20220721,4971,391.0,2463,45680.0,0,-1,-1.0,29.672902836451417,24.27633561366662,0.0,67.0,67.0,0.08086904043452021,1.0,11.075,5.0444631072296495,0.065,13.0,11.075,5.0444631072296495,13.0,0.065,14.262723798028565,0.0,0,0,5.744002522310575,8.889712082670304,129.2164554859568,0.002615167974250654,0.006236169784751559,2.0,0.0,0.0,0.009656004828002414,2.0,0.0,0.08605678572635543
Jul_2022,20220722,5401,16383.0,5258,80860.0,0,-1,-1.0,39.35326791334938,17.342187721475998,0.0,67.0,67.0,0.09831512682836512,1.0,45.64,2.922860855033891,0.07,8.0,45.64,2.922860855033891,8.0,0.07,3.7585632290316604,0.0,0,0,6.760017617955949,1.7188934525076223,4378.8377888172745,0.00018515089798185522,0.002777263469727828,3.0,0.0,0.0,0.005554526939455656,4.0,0.0,0.062299071165946324
Jul_2022,20220723,5357,16383.0,108,8440.0,0,-1,-1.0,61.8977039387717,19.58444280239338,20.0,92.0,72.0,0.09240246406570841,1.0,67.19,1.2616890648976917,0.02,3.0,67.19,1.2616890648976917,3.0,0.02,0.0,0.0,0,0,7.94805844304285,19.617623239812517,901.342248775228,0.0014933731566175099,0.007466865783087549,4.0,0.0,0.0,0.014187044987866344,5.0,0.0,0.11570265043432389
Jul_2022,20220724,4452,399.0,2537,44410.0,0,-1,-1.0,35.57389937106918,18.871478714014376,1.0,65.0,64.0,0.1069182389937107,1.0,3.155,1.1780978621762799,0.04,4.0,3.155,1.1780978621762799,4.0,0.04,0.0,0.0,0,0,7.9251247765130834,7.668257446009557,42.50182301992496,0.0876010781671159,0.10332434860736747,16.0,0.0,0.0,0.19137466307277629,16.0,0.0,1.0093330812212524
Jul_2022,20220725,4975,399.0,1769,37980.0,0,-1,-1.0,19.327437185929647,17.17084383278994,0.0,59.0,59.0,0.1320603015075377,1.0,28.58,5.3202561618911455,0.065,12.0,28.58,5.3202561618911455,12.0,0.065,3.195979899497487,0.0,0,0,5.6865819342859005,8.82683501875353,131.07143713526267,0.034974874371859296,0.05226130653266332,10.0,0.0,0.0,0.09326633165829146,13.0,0.0,0.486738499368493
Jul_2022,20220726,4678,351.0,2895,50330.0,0,-1,-1.0,23.615647712697733,16.761038790474096,0.0,59.0,59.0,0.11949551090209491,1.0,36.765,3.4334703425200606,0.065,13.0,36.765,3.4334703425200606,13.0,0.065,9.362975630611373,0.0,0,0,6.329726728723833,8.269875599467198,99.04132236909379,0.00940572894399316,0.017528858486532708,13.0,0.0,0.0,0.031209918768704575,13.0,0.0,0.27919162823724575
Jul_2022,20220727,4858,336.0,2254,22620.0,0,-1,-1.0,84.55146150679292,11.589840590143666,49.0,100.0,51.0,0.09221902017291066,1.0,70.115,1.9131323469337986,0.03,6.0,70.115,1.9131323469337986,6.0,0.03,7.595718402634829,0.0,0,0,7.383816198373064,10.313079725289448,127.00092265420238,0.0002058460271716756,0.001440922190201729,2.0,0.0,0.0,0.002881844380403458,2.0,0.0,0.04302230807509061
Jul_2022,20220728,4754,383.0,2737,48670.0,0,-1,-1.0,23.69373159444678,18.912702510845225,0.0,54.0,54.0,0.08413967185527976,1.0,1.325,1.6379221424486627,0.05,7.0,1.325,1.6379221424486627,7.0,0.05,6.89945309213294,51.5,0,0,2.555066659799521,4.1564061403483645,97.82060093046219,0.04964240639461506,0.05763567522086664,14.0,0.0,0.0,0.09886411442995373,14.0,0.0,0.6312914479670607
Jul_2022,20220729,5378,360.0,3048,47230.0,0,-1,-1.0,18.894012644105615,19.509493677146423,0.0,70.0,70.0,0.11956117515805131,1.0,67.165,1.1767321243436466,0.025,4.0,67.165,1.1767321243436466,4.0,0.025,9.297136481963555,0.0,0,0,7.935417053249609,24.049238238125394,92.63297237608343,0.06749721085905541,0.09278542208999628,15.0,0.0,0.0,0.15396058014131647,23.0,0.0,0.8329619241687768
Jul_2022,20220730,4962,320.0,1986,41130.0,1,4679,71390.0,68.17009270455462,21.182272302533573,28.0,100.0,72.0,0.08403869407496976,1.0,54.63604240282685,0.9920112950683285,0.028268551236749116,4.0,54.82,0.9497950056532299,2.0,0.02,1.370415155179363,0.0,0,0,41.31753613230514,18.942522380332395,120.99515543577164,-0.00040306328093510683,0.00040306328093510683,1.0,0.0,0.0,0.0008061265618702137,1.0,0.0,0.020074412433672167
Jul_2022,20220731,5114,391.0,1811,38360.0,0,-1,-1.0,34.02913570590536,10.812382695504384,14.0,56.0,42.0,0.11497849041845913,1.0,32.745,2.6103726220849497,0.04,8.0,32.745,2.6103726220849497,8.0,0.04,0.0,0.0,0,0,6.920236772798988,10.191154058162637,122.71632664190435,0.02287837309346891,0.04673445443879547,17.0,0.0,0.0,0.08760265936644505,17.0,0.0,0.4195101278716427
Aug_2022,20220801,4193,16383.0,4095,67450.0,0,-1,-1.0,41.294538516575244,19.73964148187657,6.0,76.0,70.0,0.10779871213927975,1.0,65.215,11.012043429923102,0.19,33.0,65.215,11.012043429923102,33.0,0.19,0.0,0.0,0,0,3.9212543996636717,1.9991582491209652,4753.539850085816,-0.001669449081803005,0.005485332697352731,6.0,0.0,0.0,0.01001669449081803,6.0,0.0,0.1244010817410743
Aug_2022,20220802,4614,344.0,3001,49420.0,0,-1,-1.0,34.87126137841352,12.488030508216863,0.0,60.0,60.0,0.11898569570871262,1.0,48.015,4.626206212394557,0.065,13.0,48.015,4.626206212394557,13.0,0.065,0.3250975292587776,0.0,0,0,5.885397349074199,6.943772647469584,103.45914791306842,0.007152145643693108,0.01928912006935414,9.0,0.0,0.0,0.03684438664932813,9.0,0.0,0.2663607164807893
Aug_2022,20220803,5033,320.0,1875,39930.0,0,-1,-1.0,51.20186767335585,9.33013671931377,25.0,71.0,46.0,0.08146234849990065,1.0,48.5,5.115745719966619,0.095,19.0,48.5,5.115745719966619,19.0,0.095,0.0,0.0,0,0,5.521583790431812,10.96678703173832,121.89612851178548,0.0,0.0,0.0,0.0,0.0,0.0,0.0,0.0,0.0
Aug_2022,20220804,4892,335.0,2732,47020.0,0,-1,-1.0,29.28904333605887,25.64185367978526,0.0,67.0,67.0,0.08197056418642681,1.0,4.32,4.474113145888362,0.06,12.0,4.32,4.474113145888362,12.0,0.06,16.271463614063777,32.0,0,0,3.054917038818897,3.0053329148959302,77.65787136281577,0.0008176614881439084,0.0024529844644317253,2.0,0.0,0.0,0.004905968928863451,2.0,0.0,0.053445130405892036
Aug_2022,20220805,3454,16383.0,458,25310.0,0,-1,-1.0,50.45628257093225,8.812834851179542,33.0,68.0,35.0,0.061088592935726695,1.0,64.64,1.6565387417790973,0.035,4.0,64.64,1.6565387417790973,4.0,0.035,0.0,0.0,0,0,7.638521488758955,9.37255648814982,1488.897545262332,0.0052113491603937466,0.0052113491603937466,9.0,0.0,0.0,0.010422698320787493,9.0,0.0,0.20555998524533192
Aug_2022,20220806,3974,16383.0,3739,65840.0,0,-1,-1.0,81.01207851031707,17.657574497465035,40.0,100.0,60.0,0.07096124811273276,1.0,92.435,1.3803265945194596,0.03,5.0,92.435,1.3803265945194596,5.0,0.03,7.171615500754906,0.0,0,0,7.745737434903532,1.2887810277748049,7155.662692403033,0.009058882737795673,0.010568696527428284,19.0,0.0,0.0,0.018117765475591345,19.0,0.0,0.3474244942372879
Aug_2022,20220807,4749,16383.0,4654,76920.0,0,-1,-1.0,27.714255632764793,8.033250782380458,1.0,49.0,48.0,0.11665613813434407,1.0,25.805,1.5521018331612502,0.075,5.0,25.805,1.5521018331612502,5.0,0.075,0.0,0.0,0,0,7.6178277026375545,1.2696826630893283,8027.435785788686,0.05137923773425984,0.07454200884396715,15.0,0.0,0.0,0.1351863550221099,15.0,0.0,0.6898609997699755
Aug_2022,20220808,4934,16383.0,36,10900.0,0,-1,-1.0,40.8946088366437,6.7859335765525355,17.0,57.0,40.0,0.12038913660316174,1.0,21.89,5.118485564340473,0.06,12.0,21.89,5.118485564340473,12.0,0.06,0.0,0.0,0,0,5.754241336494449,6.7750203063865495,1390.6358731352022,0.1272800972841508,0.16822051074179165,17.0,0.0,0.0,0.28617754357519254,20.0,0.0,1.2389693289959378
Aug_2022,20220809,4601,16383.0,12,800.0,0,-1,-1.0,39.72006085633558,19.292200712830088,0.0,74.0,74.0,0.11540969354488155,1.0,10.115,1.7077344008713995,0.04,4.0,10.115,1.7077344008713995,4.0,0.04,1.0867202782003913,0.0,0,0,7.605873145214452,19.311567656256074,2652.3124646548126,0.06063899152358183,0.07715713975222778,13.0,0.0,0.0,0.14040425994349054,14.0,0.0,0.6842338170455234
Aug_2022,20220810,3865,352.0,1953,42930.0,0,-1,-1.0,55.934023285899094,12.107889048451119,34.0,92.0,58.0,0.10815006468305303,1.0,44.71,1.6672729215622963,0.065,8.0,44.71,1.6672729215622963,8.0,0.065,0.0,0.0,0,0,7.389741588839833,7.599750864535979,111.64865557506744,0.018111254851228976,0.024320827943078913,7.0,0.0,0.0,0.04346701164294955,7.0,0.0,0.25319584753392793
Aug_2022,20220811,4542,328.0,1999,19990.0,0,-1,-1.0,80.26948480845442,11.492902078805358,49.0,100.0,51.0,0.09973579920739763,1.0,70.605,5.1596594293747415,0.075,14.0,70.605,5.1596594293747415,14.0,0.075,4.975781594011449,0.0,0,0,5.670651049456962,8.960737686848049,113.06920349861343,0.003963011889035667,0.009687362395420519,4.0,0.0,0.0,0.018494055482166448,4.0,0.0,0.13237597691156183
Aug_2022,20220812,4378,400.0,1481,39030.0,0,-1,-1.0,35.61763362265875,25.097014954498146,0.0,85.0,85.0,0.14093193238921883,1.0,16.63,3.2797689586479337,0.1,13.0,16.63,3.2797689586479337,13.0,0.1,0.02284148012791229,0.0,0,0,6.37764499360474,26.676682147994175,125.61948985978844,0.015303791685701234,0.032663316582914576,8.0,0.0,0.0,0.06167199634536318,8.0,0.0,0.31209315146356537
Aug_2022,20220813,4671,400.0,2525,25350.0,0,-1,-1.0,20.998287304645686,14.881142129229502,0.0,49.0,49.0,0.12245771783344038,1.0,3.5,1.6503387805090994,0.035,6.0,3.5,1.6503387805090994,6.0,0.035,6.315564119032327,0.0,0,0,7.5270944649683935,11.748724490333771,82.22840585037197,0.025048169556840076,0.03232712481267395,11.0,0.0,0.0,0.059516163562406334,11.0,0.0,0.4211025103580193
Aug_2022,20220814,4627,376.0,1212,33460.0,0,-1,-1.0,15.209206829479145,19.412966547291227,0.0,64.0,64.0,0.11605792089907067,1.0,2.65,1.7982403459239098,0.045,5.0,2.65,1.7982403459239098,5.0,0.045,15.625675383617896,23.5,0,0,3.9851369779847414,5.481381930976823,118.23327042418713,0.03890209639074994,0.06137886319429436,12.0,0.0,0.0,0.11022260644045818,12.0,0.0,0.5261366759129932
Aug_2022,20220815,4703,344.0,2523,25960.0,0,-1,-1.0,75.90240272166702,23.141053076381134,9.0,100.0,91.0,0.11311928556240697,1.0,12.72,3.2626406667917043,0.11,12.0,12.72,3.2626406667917043,12.0,0.11,8.016159897937488,0.0,0,0,6.421518491288872,26.926541719032276,105.76935639152191,0.016797788645545396,0.024027216670210502,9.0,0.0,0.0,0.04507761003614714,9.0,0.0,0.28288967527751685
Aug_2022,20220816,4950,320.0,2078,42550.0,1,4658,70300.0,59.34949494949495,18.199081896696825,29.0,100.0,71.0,0.09838383838383838,1.0,99.84246575342466,0.3742273812052777,0.00684931506849315,2.0,100.0,0.0,0.0,0.0,4.9898989898989905,84.58904109589042,0,0,2.2791712542027205,16.027958942478907,125.98138408434097,0.0018181818181818182,0.005858585858585859,4.0,0.0,0.0,0.011313131313131313,5.0,0.0,0.10331942811067235
Aug_2022,20220817,5382,320.0,2153,41050.0,0,-1,-1.0,57.321813452248236,16.446817080055435,18.0,92.0,74.0,0.1064659977703456,1.0,71.92,2.208617203081771,0.045,7.0,71.92,2.208617203081771,7.0,0.045,0.0,0.0,0,0,7.1666004982503155,16.558744769173007,131.59677531337255,0.004087699739873653,0.007060572277963582,7.0,0.0,0.0,0.014121144555927164,7.0,0.0,0.14017517530596046
Aug_2022,20220818,5062,352.0,2062,42040.0,0,-1,-1.0,20.07151323587515,14.507866436575577,0.0,49.0,49.0,0.09186092453575662,1.0,1.95,2.2612088197760873,0.04,6.0,1.95,2.2612088197760873,6.0,0.04,4.859739233504544,49.5,0,0,2.5872412028892224,7.860233392116827,123.76009615165337,0.0033583563808771235,0.012445673646779929,4.0,0.0,0.0,0.023310944290794153,8.0,0.0,0.15916691989762283
Aug_2022,20220819,4857,312.0,2099,42090.0,0,-1,-1.0,68.03417747580811,22.007834864333603,39.0,100.0,61.0,0.11282684784846612,1.0,55.03,1.8645327597176462,0.045,6.0,55.03,1.8645327597176462,6.0,0.045,2.0177064031295036,0.0,0,0,7.40218050310202,16.599066134318335,133.4765548363369,0.004323656578134651,0.00597076384599547,4.0,0.0,0.0,0.011117974058060531,7.0,0.0,0.12578161549214031
Aug_2022,20220820,4563,320.0,1949,19490.0,0,-1,-1.0,45.597852290159985,12.5872758427589,17.0,73.0,56.0,0.12535612535612536,1.0,61.06,6.611730096908968,0.095,19.0,61.06,6.611730096908968,19.0,0.095,0.0,0.0,0,0,5.100289518228497,11.237170510116826,117.14500866152774,0.00021915406530791147,0.00021915406530791147,1.0,0.0,0.0,0.00043830813061582295,1.0,0.0,0.014803853056144253
Aug_2022,20220821,4733,352.0,2283,44270.0,0,-1,-1.0,33.15782801605747,20.708810683228034,0.0,74.0,74.0,0.11620536657511092,1.0,18.61,3.399364409997816,0.06,12.0,18.61,3.399364409997816,12.0,0.06,4.436932178322417,0.0,0,0,6.385955226647282,14.697136703615866,88.72979407089652,0.0,0.002535389816184238,2.0,0.0,0.0,0.005070779632368476,3.0,0.0,0.05433369416562237
Aug_2022,20220822,4591,376.0,2018,20870.0,0,-1,-1.0,19.3787845785232,15.717663444142827,0.0,49.0,49.0,0.11762143323894576,1.0,6.625,3.230566171578091,0.08,12.0,6.625,3.230566171578091,12.0,0.08,5.2058375081681545,0.0,0,0,6.4472179089917585,8.71282793557871,120.37585435982966,0.024177739054672184,0.03593988237856676,8.0,0.0,0.0,0.06883032019167937,8.0,0.0,0.3817942731017838
Aug_2022,20220823,4804,408.0,2482,46600.0,0,-1,-1.0,19.803497085761865,21.703136403811126,0.0,76.0,76.0,0.12385512073272273,1.0,23.26,2.1342858007766874,0.08,8.0,23.26,2.1342858007766874,8.0,0.08,7.49375520399667,0.0,0,0,7.135575898877265,6.924073295537649,91.02805789844753,0.034346378018318066,0.052248126561199,15.0,0.0,0.0,0.09533721898417985,15.0,0.0,0.5532042298196083
Aug_2022,20220824,4430,408.0,2134,43030.0,1,4111,63890.0,34.57110609480813,30.85432564583061,0.0,90.0,90.0,0.14627539503386006,1.0,1.7962382445141065,0.9964646403857224,0.025078369905956112,3.0,1.735,0.8173833726529109,2.0,0.015,7.042889390519187,7.836990595611286,0,0,16.025542642941154,10.238147257825668,108.4627260582417,0.11286681715575621,0.1548532731376975,16.0,0.0,0.0,0.2695259593679458,16.0,0.0,0.9742415932463494
Aug_2022,20220825,4478,407.0,2192,43470.0,0,-1,-1.0,25.375390799464046,22.71490556916056,0.0,69.0,69.0,0.12617239839213934,1.0,29.925,3.63115704804098,0.08,12.0,29.925,3.63115704804098,12.0,0.08,13.17552478785172,0.0,0,0,6.284898056003554,9.115361038050658,105.46543055658928,0.09178204555605181,0.11545332737829388,14.0,0.0,0.0,0.19919606967396158,14.0,0.0,0.8500890951408173
Aug_2022,20220826,4604,391.0,2428,45590.0,0,-1,-1.0,41.2009122502172,27.976958786378606,0.0,87.0,87.0,0.13336229365768898,1.0,32.66,2.593846603214042,0.04,7.0,32.66,2.593846603214042,7.0,0.04,3.149435273675065,0.0,0,0,6.976494361086385,11.116044030138891,106.1659805013899,0.05473501303214596,0.08079930495221546,12.0,0.0,0.0,0.14552562988705472,12.0,0.0,0.6325830714533293
Aug_2022,20220827,4634,384.0,2046,42150.0,0,-1,-1.0,60.85282693137678,13.233459904094724,17.0,90.0,73.0,0.13487268018990073,1.0,88.465,1.438443812950327,0.05,5.0,88.465,1.438443812950327,5.0,0.05,0.0,0.0,0,0,7.69915175675576,16.11460329207215,120.61930356847813,0.06646525679758308,0.07423392317652136,17.0,0.0,0.0,0.12127751402675874,17.0,0.0,0.7637456872092226
Aug_2022,20220828,4618,344.0,1542,36910.0,0,-1,-1.0,39.41706366392378,20.399097599788607,0.0,67.0,67.0,0.10805543525335644,1.0,1.895,2.6814034801043243,0.03,6.0,1.895,2.6814034801043243,6.0,0.03,6.1931572109138155,65.5,0,0,2.1248835054882287,22.758937003478135,118.80046513835747,0.00519705500216544,0.009527934170636639,7.0,0.0,0.0,0.019055868341273277,8.0,0.0,0.16093508626733982
Aug_2022,20220829,4705,407.0,1640,38170.0,0,-1,-1.0,59.970031880977686,8.82129331030889,38.0,76.0,38.0,0.11923485653560043,1.0,70.255,2.3188055753948866,0.05,8.0,70.255,2.3188055753948866,8.0,0.05,0.0,0.0,0,0,7.05775793646692,9.502245609267398,116.30560968177124,0.009139213602550478,0.01891604675876727,6.0,0.0,0.0,0.036556854410201914,6.0,0.0,0.21094442226659837
Aug_2022,20220830,4783,312.0,1840,40210.0,0,-1,-1.0,66.14551536692453,18.140966676511653,34.0,100.0,66.0,0.10474597532929124,1.0,64.325,2.1193947652229097,0.03,6.0,64.325,2.1193947652229097,6.0,0.03,3.3660882291448884,0.0,0,0,7.273047410998441,13.695956970005877,119.43798709122534,0.0,0.0,0.0,0.0,0.0,0.0,0.0,0.0,0.0
Aug_2022,20220831,4837,328.0,2083,42620.0,0,-1,-1.0,38.747777548066985,14.190161672718865,11.0,65.0,54.0,0.09034525532354766,1.0,30.65,2.9085733607689654,0.145,13.0,30.65,2.9085733607689654,13.0,0.145,0.0,0.0,0,0,6.513141771642378,8.693917479452173,111.8806632797671,0.0,0.0004134794293983874,1.0,0.0,0.0,0.0008269588587967748,1.0,0.0,0.02033209111485616
Sep_2022,20220901,4561,351.0,2540,47260.0,0,-1,-1.0,57.300372725279544,12.66813665321598,41.0,91.0,50.0,0.09274281955711466,1.0,68.1,1.6257970600299443,0.055,7.0,68.1,1.6257970600299443,7.0,0.055,0.0,0.0,0,0,7.473396356836774,11.299960896369223,87.2553164956696,0.0019732514799386098,0.0041657531243148435,7.0,0.0,0.0,0.007454505590879193,7.0,0.0,0.11558475538656253
Sep_2022,20220902,4594,319.0,2679,49120.0,1,4380,72980.0,50.878754897692644,13.609219561029663,25.0,81.0,56.0,0.07444492816717457,1.0,56.2196261682243,0.9706431972672611,0.018691588785046728,4.0,56.305,0.9468142829679751,4.0,0.02,0.0,0.0,0,0,41.85265312494001,15.790439499833617,54.531254269961785,0.00391815411406182,0.0043535045711798,7.0,0.0,0.0,0.0087070091423596,7.0,0.0,0.14146209399851492
Sep_2022,20220903,4872,335.0,2245,44730.0,1,4379,66700.0,81.26949917898193,16.230056362738587,46.0,100.0,54.0,0.08846469622331692,1.0,99.65111561866125,0.650190538692432,0.014198782961460446,3.0,99.255,0.7957013909234972,2.0,0.015,12.35632183908046,74.64503042596348,0,0,2.545377427530317,10.23957487259051,114.8260229540035,0.009441707717569787,0.013136288998357963,6.0,0.0,0.0,0.020525451559934318,8.0,0.0,0.21114467311254417
Sep_2022,20220904,4870,319.0,2182,42830.0,0,-1,-1.0,44.77310061601643,16.45124037746131,3.0,73.0,70.0,0.11190965092402463,1.0,56.52,2.0835802198771507,0.06,6.0,56.52,2.0835802198771507,6.0,0.06,0.0,0.0,0,0,7.276124445024258,17.023613066073064,118.53065689608283,0.00862422997946612,0.00862422997946612,10.0,0.0,0.0,0.01724845995893224,10.0,0.0,0.25299105454254806
Sep_2022,20220905,4722,312.0,1887,41000.0,0,-1,-1.0,76.35260482846252,14.888058707930593,49.0,100.0,51.0,0.1001694197373994,1.0,91.155,2.5144756788838682,0.075,9.0,91.155,2.5144756788838682,9.0,0.075,2.308343922066921,0.0,0,0,6.9015609823435,9.01753054937013,118.81675276284217,0.0,0.0,0.0,0.0,0.0,0.0,0.0,0.0,0.0
Sep_2022,20220906,4624,312.0,1778,39690.0,0,-1,-1.0,71.15246539792388,14.31648027942884,36.0,100.0,64.0,0.11310553633217993,1.0,96.41,2.093757172042017,0.05,6.0,96.41,2.093757172042017,6.0,0.05,1.6652249134948096,14.000000000000002,0,0,4.820727468540647,15.583808851757627,116.65767733718444,-0.00021626297577854672,0.00021626297577854672,1.0,0.0,0.0,0.00043252595155709344,1.0,0.0,0.014705882352941176
Sep_2022,20220907,4495,376.0,2691,47800.0,0,-1,-1.0,51.79688542825362,8.004359576427614,36.0,72.0,36.0,0.12146829810901001,1.0,51.555,2.5729507140410637,0.08,12.0,51.555,2.5729507140410637,12.0,0.08,0.0,0.0,0,0,6.732668944054743,7.127548900038321,77.72109760644176,0.00778642936596218,0.05939933259176863,17.0,0.0,0.0,0.10723025583982203,17.0,0.0,0.7118334104461618
Sep_2022,20220908,4492,312.0,1866,41510.0,0,-1,-1.0,67.23530721282279,17.047749360091473,39.0,100.0,61.0,0.14536954585930542,1.0,42.995,4.200379858390651,0.095,15.0,42.995,4.200379858390651,15.0,0.095,0.8682101513802316,0.0,0,0,5.95401835761648,18.25253016126604,121.3583235210787,-0.0004452359750667854,0.021816562778272486,15.0,0.0,0.0,0.04096170970614425,15.0,0.0,0.43552499994014504
Sep_2022,20220909,4502,16383.0,569,26940.0,0,-1,-1.0,40.57974233673923,7.511213161045143,23.0,56.0,33.0,0.11639271434917814,1.0,29.475,3.03404054192594,0.05,10.0,29.475,3.03404054192594,10.0,0.05,0.0,0.0,0,0,6.629523417286701,7.6226184954036285,3764.950855259486,0.0013327410039982231,0.07774322523322967,16.0,0.0,0.0,0.13816081741448244,16.0,0.0,0.6563127853049294
Sep_2022,20220910,2887,383.0,583,33220.0,0,-1,-1.0,31.114305507447177,8.406270124266076,16.0,57.0,41.0,0.08798060270176654,1.0,47.09,4.2852909577956115,0.155,21.0,47.09,4.2852909577956115,21.0,0.155,0.0,0.0,0,0,5.701159703713807,8.41663030276936,59.60327572276558,0.0020782819535850364,0.0034638032559750607,3.0,0.0,0.0,0.006927606511950121,3.0,0.0,0.08724107709515957
Sep_2022,20220911,4219,408.0,2100,21450.0,0,-1,-1.0,20.733823180848542,14.80425530748257,0.0,64.0,64.0,0.10191988622896421,1.0,15.4,1.3818638640233225,0.025,5.0,15.4,1.3818638640233225,5.0,0.025,8.580232282531405,0.0,0,0,7.747815507587452,7.071764983300047,103.30932284914583,0.004029390850912538,0.033420241763451056,11.0,0.0,0.0,0.061625977719838826,11.0,0.0,0.3896137787764433
Sep_2022,20220912,4041,407.0,1989,20210.0,0,-1,-1.0,41.667161593664936,9.613281503895454,19.0,57.0,38.0,0.09799554565701558,1.0,30.88,1.9479663406541727,0.04,5.0,30.88,1.9479663406541727,5.0,0.04,0.0,0.0,0,0,7.414016129221002,10.032569887841575,79.3552447360387,0.0034644889878742884,0.00989853996535511,3.0,0.0,0.0,0.019302152932442463,3.0,0.0,0.12348493554791899
Sep_2022,20220913,3461,408.0,1767,17670.0,0,-1,-1.0,54.26841953192719,6.593472824595699,38.0,70.0,32.0,0.08581334874313783,1.0,47.425,0.9638568879779367,0.025,5.0,47.425,0.9638568879779367,5.0,0.025,0.0,0.0,0,0,8.00713795481653,6.516302584673477,111.57099781160491,0.010112684195319271,0.023403640566310314,6.0,0.0,0.0,0.04391794279110084,6.0,0.0,0.2337828553238878
Sep_2022,20220914,3746,408.0,954,9540.0,0,-1,-1.0,31.82060864922584,15.897379930504723,0.0,50.0,50.0,0.07287773625200214,1.0,31.07,2.132566340346743,0.05,7.0,31.07,2.132566340346743,7.0,0.05,0.9343299519487455,0.0,0,0,7.20327910188847,15.86119193042051,112.88812185068048,0.03577148958889482,0.05178857447944474,15.0,0.0,0.0,0.08542445274959957,15.0,0.0,0.5208478803190434
Sep_2022,20220915,4055,16383.0,0,0.0,0,-1,-1.0,36.82268803945746,20.84360155721102,0.0,63.0,63.0,0.09149198520345253,1.0,11.905,2.9358253271880455,0.07,8.0,11.905,2.9358253271880455,8.0,0.07,1.8495684340320593,0.0,0,0,6.754098322122528,20.84360155721102,272.8999172490466,0.014549938347718866,0.02836004932182491,10.0,0.0,0.0,0.05228113440197287,10.0,0.0,0.30036098751980955
Sep_2022,20220916,4001,391.0,1913,19230.0,0,-1,-1.0,61.16195951012247,9.43118563911029,47.0,100.0,53.0,0.1137215696075981,1.0,91.975,4.325264682405497,0.08,16.0,91.975,4.325264682405497,16.0,0.08,0.12496875781054737,2.5,0,0,5.477871821621981,11.37039098977056,110.51667358114766,0.03649087728067983,0.053486628342914275,15.0,0.0,0.0,0.10297425643589103,15.0,0.0,0.6325649890593488
Sep_2022,20220917,4208,368.0,1927,19410.0,0,-1,-1.0,49.401378326996195,9.322715229748285,30.0,70.0,40.0,0.11430608365019011,1.0,44.825,0.953372748713718,0.02,4.0,44.825,0.953372748713718,4.0,0.02,0.0,0.0,0,0,8.081870806841696,8.207423281326758,123.6540072811794,0.07509505703422054,0.08602661596958175,16.0,0.0,0.0,0.1525665399239544,16.0,0.0,0.8747111805609816
Sep_2022,20220918,3627,368.0,1902,41290.0,0,-1,-1.0,70.68513923352633,13.998310009540083,49.0,100.0,51.0,0.10256410256410256,1.0,89.09,4.234567013160228,0.09,15.0,89.09,4.234567013160228,15.0,0.09,0.38599393438103113,0.0,0,0,5.943689363404104,9.693311777594916,132.04250480592543,0.04080507306313758,0.05128205128205128,18.0,0.0,0.0,0.08767576509511993,18.0,0.0,0.7120547279481853
Sep_2022,20220919,4198,16383.0,0,0.0,1,3891,56170.0,85.86874702239162,12.24877814418952,51.0,100.0,49.0,0.07837065269175798,1.0,70.44299674267101,0.9319184706491592,0.029315960912052116,3.0,70.875,0.5753521971399508,2.0,0.01,3.8113387327298716,0.0,0,0,44.223632279894815,12.24877814418952,270.01769253010485,0.0,0.004764173415912339,4.0,0.0,0.0,0.009528346831824679,4.0,0.0,0.10458253638751581
Sep_2022,20220920,4063,312.0,1796,18280.0,0,-1,-1.0,57.253753384198866,10.366277992331725,32.0,78.0,46.0,0.09746492739355156,1.0,61.38,4.986978017671996,0.085,16.0,61.38,4.986978017671996,16.0,0.085,0.0,0.0,0,0,5.658676119900098,11.97039233703972,118.44427407240326,0.0012306177701206006,0.0031996062023135615,2.0,0.0,0.0,0.004430223972434162,2.0,0.0,0.06461339240004449
Sep_2022,20220921,4121,336.0,1756,18040.0,0,-1,-1.0,79.60228099975734,14.486260133652678,49.0,100.0,51.0,0.08760009706381947,1.0,97.08,2.3646474978196483,0.025,5.0,97.08,2.3646474978196483,5.0,0.025,3.494297500606649,36.5,0,0,3.1114218040749817,13.570041456074119,106.66747236145027,0.01892744479495268,0.019412763892259162,14.0,0.0,0.0,0.03639893229798592,14.0,0.0,0.4033978795740137
Sep_2022,20220922,4055,16383.0,0,0.0,0,-1,-1.0,81.41430332922319,14.602190555528196,50.0,100.0,50.0,0.08508014796547472,1.0,99.225,1.095617124921891,0.02,4.0,99.225,1.095617124921891,4.0,0.02,6.707768187422934,64.0,0,0,2.246402643804199,14.602190555528196,279.547757775323,0.03477188655980271,0.036744759556103575,14.0,0.0,0.0,0.07151664611590629,14.0,0.0,0.5858732094654515
Sep_2022,20220923,4109,335.0,1835,18960.0,0,-1,-1.0,74.81723046970066,10.853002717455151,49.0,92.0,43.0,0.07812119737162326,1.0,71.235,4.726677735160321,0.07,14.0,71.235,4.726677735160321,14.0,0.07,0.0,0.0,0,0,5.815076699119623,6.831326863165899,110.89349655159513,0.0,0.0,0.0,0.0,0.0,0.0,0.0,0.0,0.0
Sep_2022,20220924,4108,320.0,1786,18470.0,0,-1,-1.0,47.034079844206424,11.433478418081911,23.0,72.0,49.0,0.11148977604673807,1.0,67.81,2.837987113126372,0.115,9.0,67.81,2.837987113126372,9.0,0.115,0.0,0.0,0,0,6.7326524448152725,10.997120466316543,104.88312782985224,0.0,0.0,0.0,0.0,0.0,0.0,0.0,0.0,0.0
Sep_2022,20220925,4129,328.0,2017,20790.0,0,-1,-1.0,75.91692903850812,17.986971131610556,41.0,100.0,59.0,0.11891499152337127,1.0,87.135,2.2787581472081095,0.055,11.0,87.135,2.2787581472081095,11.0,0.055,2.5672075563090337,0.0,0,0,6.928202549891193,6.634553423643099,107.92475139094684,0.0,0.0,0.0,0.0,0.0,0.0,0.0,0.0,0.0
Sep_2022,20220926,4109,16383.0,0,0.0,0,-1,-1.0,75.66804575322463,13.526734450332954,46.0,100.0,54.0,0.12557799951326357,1.0,59.415,6.55190140801138,0.095,19.0,59.415,6.55190140801138,19.0,0.095,4.210270138719883,0.0,0,0,5.1159003625513035,13.526734450332954,372.0351397638959,0.0,0.0,0.0,0.0,0.0,0.0,0.0,0.0,0.0
Sep_2022,20220927,3406,16383.0,3404,51600.0,0,-1,-1.0,26.467410452143277,17.025832343178667,0.0,62.0,62.0,0.18966529653552555,1.0,34.93,2.7206820014040267,0.12,12.0,34.93,2.7206820014040267,12.0,0.12,1.6441573693482088,0.0,0,0,6.648634682301317,0.0,0.0,0.25807398708162066,0.3079859072225484,16.0,0.0,0.0,0.532002348796242,16.0,0.0,1.5884978250482835
Sep_2022,20220928,4081,16383.0,0,0.0,0,-1,-1.0,47.660377358490564,19.388249947688323,15.0,80.0,65.0,0.09458466062239647,1.0,64.905,1.8636903467429116,0.055,6.0,64.905,1.8636903467429116,6.0,0.055,0.0,0.0,0,0,7.39716625169192,19.388249947688323,274.9368033892465,0.0,0.0,0.0,0.0,0.0,0.0,0.0,0.0,0.0
Sep_2022,20220929,4079,320.0,1648,17130.0,1,3874,39390.0,66.92007845060064,19.299515437424738,18.0,100.0,82.0,0.07648933562147585,1.0,55.141463414634146,0.4794684606753615,0.01951219512195122,2.0,55.095,0.38302551183121963,2.0,0.02,2.6477077715126254,0.0,0,0,58.858821999401236,13.915143471268598,105.24060114266928,0.0,0.0,0.0,0.0,0.0,0.0,0.0,0.0,0.0
Sep_2022,20220930,4129,16383.0,0,0.0,1,3913,54430.0,70.26011140712036,17.717862053402474,33.0,100.0,67.0,0.11479777185759264,1.0,78.72685185185185,0.476831886221428,0.009259259259259259,2.0,78.8,0.4010037656936683,1.0,0.005,1.0656333252603536,0.0,0,0,59.30877477652077,17.717862053402474,370.536687284412,0.0,0.0,0.0,0.0,0.0,0.0,0.0,0.0,0.0
Oct_2022,20221001,4031,16383.0,0,0.0,0,-1,-1.0,43.10940213346564,13.171278189537603,24.0,80.0,56.0,0.11932522947159514,1.0,35.805,3.060031694255673,0.08,12.0,35.805,3.060031694255673,12.0,0.08,0.0,0.0,0,0,6.518891355188441,13.171278189537603,578.1608890356762,0.0,0.0,0.0,0.0,0.0,0.0,0.0,0.0,0.0
Oct_2022,20221002,4069,16383.0,3843,38730.0,0,-1,-1.0,47.8105185549275,18.09813539756774,27.0,87.0,60.0,0.10715163430818384,1.0,38.155,3.8607644984591865,0.115,19.0,38.155,3.8607644984591865,19.0,0.115,0.0,0.0,0,0,5.925657472236611,4.421721657779813,1089.0580484261116,0.0,0.0,0.0,0.0,0.0,0.0,0.0,0.0,0.0
Oct_2022,20221003,4005,320.0,1727,17880.0,0,-1,-1.0,40.23920099875156,23.209707469935054,0.0,75.0,75.0,0.10886392009987515,1.0,4.825,4.238419042508598,0.07,13.0,4.825,4.238419042508598,13.0,0.07,4.818976279650436,35.5,0,0,2.910494801180431,22.475489561355445,106.33229420433625,0.0,0.0,0.0,0.0,0.0,0.0,0.0,0.0,0.0
Oct_2022,20221004,3967,343.0,1732,17330.0,0,-1,-1.0,25.686160826821276,22.75558190585948,0.0,63.0,63.0,0.10587345601209983,1.0,5.72,1.832591596564547,0.025,4.0,5.72,1.832591596564547,4.0,0.025,15.729770607511973,0.0,0,0,7.542848131323725,8.985476759037734,109.7089236716975,0.0,0.0,0.0,0.0,0.0,0.0,0.0,0.0,0.0
Oct_2022,20221005,4012,336.0,1809,18620.0,0,-1,-1.0,25.825024925224326,18.988988709796256,0.0,53.0,53.0,0.07652043868394816,1.0,7.58,5.557700981611464,0.145,20.0,7.58,5.557700981611464,20.0,0.145,6.256231306081755,0.0,0,0,5.346821301282644,15.458292616116124,110.78179815281283,0.0,0.0,0.0,0.0,0.0,0.0,0.0,0.0,0.0
Oct_2022,20221006,3996,327.0,1861,19530.0,1,3744,38360.0,42.72497497497498,21.0488123774835,10.0,75.0,65.0,0.06356356356356356,1.0,27.71825396825397,0.9879675135110033,0.023809523809523808,4.0,27.88,0.9902032683054596,2.0,0.01,0.0,0.0,0,0,41.46320263132596,11.509816793062758,107.19216476456971,-0.0007507507507507507,0.0007507507507507507,3.0,0.0,0.0,0.0015015015015015015,3.0,0.0,0.047457899787624956
Oct_2022,20221007,4004,320.0,1861,19150.0,1,3725,37790.0,80.73051948051948,15.787166676010235,49.0,100.0,51.0,0.1008991008991009,1.0,74.80286738351255,0.40747382002317695,0.007168458781362007,2.0,75.0,0.0,0.0,0.0,14.785214785214784,0.0,0,0,61.93322280278623,14.554570592298889,106.48128267339476,-0.00024975024975024975,0.00024975024975024975,1.0,0.0,0.0,0.0004995004995004995,1.0,0.0,0.01580348853102535
Oct_2022,20221008,3986,16383.0,0,0.0,0,-1,-1.0,36.50225790265931,12.533343029608497,3.0,55.0,52.0,0.11440040140491721,1.0,40.435,2.54522412159435,0.05,8.0,40.435,2.54522412159435,8.0,0.05,0.0,0.0,0,0,6.9467483906686445,12.533343029608497,1657.5507550303898,0.0030105368790767687,0.009533366783743101,2.0,0.0,0.0,0.01806322127446061,2.0,0.0,0.1116070945499501
Oct_2022,20221009,3774,320.0,1795,18530.0,0,-1,-1.0,71.38871224165342,9.506101088036562,49.0,100.0,51.0,0.11526232114467408,1.0,72.68,1.549063584863368,0.06,5.0,72.68,1.549063584863368,5.0,0.06,0.8214096449390567,0.0,0,0,7.6283099362998685,6.0613849756808635,107.07074434774553,0.0021197668256491787,0.005829358770535241,4.0,0.0,0.0,0.011128775834658187,4.0,0.0,0.09750635107050792
Oct_2022,20221010,3928,391.0,2445,25160.0,0,-1,-1.0,33.53513238289206,27.236269949213167,0.0,80.0,80.0,0.11558044806517312,1.0,11.55,1.4061959090657914,0.025,5.0,11.55,1.4061959090657914,5.0,0.025,5.6008146639511205,0.0,0,0,7.733236794432298,5.70921797712752,111.31596367757986,0.03920570264765784,0.056517311608961306,16.0,0.0,0.0,0.10590631364562118,16.0,0.0,0.6814231047043063
Oct_2022,20221011,3953,16383.0,0,0.0,0,-1,-1.0,28.922084492790287,12.539996759597406,0.0,55.0,55.0,0.06906147229951935,1.0,29.745,0.7088634827566798,0.035,4.0,29.745,0.7088634827566798,4.0,0.035,1.7961042246395145,0.0,0,0,8.234611673788333,12.539996759597406,1642.3770183315219,0.0,0.0,0.0,0.0,0.0,0.0,0.0,0.0,0.0
Oct_2022,20221012,3887,311.0,1654,17210.0,0,-1,-1.0,76.01697967584255,15.039054316864414,49.0,100.0,51.0,0.06045793671211731,1.0,85.225,9.575112999057692,0.145,27.0,85.225,9.575112999057692,27.0,0.145,1.0290712631849754,20.0,0,0,2.9922101102057788,6.769443309211681,101.01144085648531,0.0,0.0,0.0,0.0,0.0,0.0,0.0,0.0,0.0
Oct_2022,20221013,3810,311.0,2095,21020.0,0,-1,-1.0,66.78608923884515,17.518355993816467,28.0,94.0,66.0,0.07454068241469816,1.0,59.625,1.5118875686043927,0.065,4.0,59.625,1.5118875686043927,4.0,0.065,0.0,0.0,0,0,7.706008044789939,12.97441543613115,105.03263431081568,0.0,0.006299212598425197,9.0,0.0,0.0,0.011548556430446194,9.0,0.0,0.16982131892574515
Oct_2022,20221014,3825,375.0,1999,19990.0,0,-1,-1.0,38.13359477124183,10.841921547060219,12.0,56.0,44.0,0.1134640522875817,1.0,44.415,6.288121928440533,0.15,20.0,44.415,6.288121928440533,20.0,0.15,0.0,0.0,0,0,5.144529927744039,5.095423778845465,102.06355520147531,0.06352941176470588,0.0661437908496732,17.0,0.0,0.0,0.11712418300653595,17.0,0.0,0.8621312535550729
Oct_2022,20221015,3567,312.0,1612,16830.0,0,-1,-1.0,58.62068965517241,7.46470087430586,43.0,74.0,31.0,0.10541070927950659,1.0,60.65,6.098644713104988,0.135,23.0,60.65,6.098644713104988,23.0,0.135,0.0,0.0,0,0,5.119372317287551,6.543215963276663,107.496272506419,0.010092514718250631,0.015138772077375946,6.0,0.0,0.0,0.02803476310625175,6.0,0.0,0.22788162589385863
Oct_2022,20221016,3683,16383.0,0,0.0,0,-1,-1.0,76.03529731197393,10.69443005271825,50.0,99.0,49.0,0.1333152321477057,1.0,90.77,1.3326589584351607,0.02,4.0,90.77,1.3326589584351607,4.0,0.02,0.0,0.0,0,0,7.841501942922709,10.69443005271825,473.4014912251001,0.0963888134672821,0.13114308987238665,16.0,0.0,0.0,0.22970404561498778,16.0,0.0,1.075081681217992
Oct_2022,20221017,3790,16383.0,3679,38060.0,0,-1,-1.0,26.11820580474934,19.907844187004507,0.0,59.0,59.0,0.07203166226912928,1.0,35.01,8.377398404045286,0.105,21.0,35.01,8.377398404045286,21.0,0.105,7.229551451187335,0.0,0,0,4.633405339290584,6.261984414899865,6966.875074676055,0.0,0.0,0.0,0.0,0.0,0.0,0.0,0.0,0.0
Oct_2022,20221018,3745,328.0,1764,18560.0,0,-1,-1.0,75.48971962616822,10.145810024792997,49.0,96.0,47.0,0.08170894526034712,1.0,83.57,3.824688380251409,0.085,12.0,83.57,3.824688380251409,12.0,0.085,0.0,0.0,0,0,6.207444715230388,10.178301014058972,118.26861127937858,0.0,0.00801068090787717,12.0,0.0,0.0,0.014953271028037384,12.0,0.0,0.27040631008809757
Oct_2022,20221019,3711,248.0,2629,27220.0,0,-1,-1.0,49.56992724333064,18.152495717569423,17.0,81.0,64.0,0.09377526273241714,1.0,44.445,1.4926873677664214,0.035,4.0,44.445,1.4926873677664214,4.0,0.035,0.0,0.0,0,0,7.735335575126728,6.847978573920102,76.39141645950141,0.0010778765831312314,0.0010778765831312314,3.0,0.0,0.0,0.002155753166262463,3.0,0.0,0.051906219845703254
Oct_2022,20221020,3692,304.0,1595,16990.0,1,3372,34760.0,18.093445287107258,15.46901326995062,0.0,49.0,49.0,0.06852654387865656,1.0,0.334375,0.4790987980648772,0.01875,2.0,0.37,0.4840158641862058,1.0,0.015,21.74972914409534,66.875,0,0,2.8461365382975115,9.300930186048635,94.75955540474327,0.0,0.0,0.0,0.0,0.0,0.0,0.0,0.0,0.0
Oct_2022,20221021,3668,304.0,1566,16510.0,0,-1,-1.0,46.06461286804798,15.023440341047468,22.0,71.0,49.0,0.09351145038167939,1.0,59.195,2.802901404153745,0.165,9.0,59.195,2.802901404153745,9.0,0.165,0.0,0.0,0,0,6.725898785692938,16.144946641553208,93.45658428873773,0.0,0.0,0.0,0.0,0.0,0.0,0.0,0.0,0.0
Oct_2022,20221022,3651,296.0,1627,17360.0,0,-1,-1.0,44.377430840865514,9.402883560941646,27.0,70.0,43.0,0.08025198575732675,1.0,63.925,2.785348421498777,0.07,8.0,63.925,2.785348421498777,8.0,0.07,0.0,0.0,0,0,6.823447462586712,10.22220404071799,92.65403603295239,0.0,0.0,0.0,0.0,0.0,0.0,0.0,0.0,0.0
Oct_2022,20221023,3641,296.0,1577,16810.0,0,-1,-1.0,73.092007690195,15.358519286599993,49.0,100.0,51.0,0.08706399340840429,1.0,95.37,1.4778430567900345,0.05,5.0,95.37,1.4778430567900345,5.0,0.05,0.5218346608074704,0.0,0,0,7.675867721470638,11.566270619205842,92.35777805770542,0.00027464982147761604,0.0024718483932985444,1.0,0.0,0.0,0.004943696786597089,1.0,0.0,0.04966302205330562
Oct_2022,20221024,3619,16383.0,2685,27740.0,1,3407,34960.0,66.98121027908262,10.134811610703988,45.0,90.0,45.0,0.06548770378557613,1.0,85.00943396226415,0.8486988426268586,0.0330188679245283,3.0,84.945,0.7969634582393625,2.0,0.025,0.0,0.0,0,0,45.83544402484909,6.589874207316226,2304.7513773703754,0.004697430229345123,0.011881735285990605,8.0,0.0,0.0,0.02321083172147002,8.0,0.0,0.17943548646784763
Oct_2022,20221025,3167,16383.0,167,1670.0,1,2955,33210.0,17.047679191664034,15.613742190156982,0.0,53.0,53.0,0.10830438901168297,1.0,18.985849056603772,0.9951482948620666,0.018867924528301886,2.0,18.94,0.9956690132366268,2.0,0.01,11.114619513735397,0.0,0,0,45.166787453587446,14.187583627115371,433.14372521460643,0.038838017050836754,0.06220397852857594,8.0,0.0,0.0,0.10925165772023998,8.0,0.0,0.494679786366014
Oct_2022,20221026,3500,16383.0,165,2240.0,0,-1,-1.0,56.32057142857143,20.565319289762925,28.0,100.0,72.0,0.1402857142857143,1.0,32.32,2.229901861418522,0.06,6.0,32.32,2.229901861418522,6.0,0.06,3.628571428571428,0.0,0,0,7.19947491333732,20.984799602421056,295.2112518821145,-0.012285714285714285,0.047142857142857146,12.0,0.0,0.0,0.08514285714285715,14.0,0.0,0.47612967262428524
Oct_2022,20221027,3520,295.0,1648,17960.0,1,3148,32960.0,37.98579545454545,10.067169832288892,19.0,54.0,35.0,0.07017045454545455,1.0,39.803763440860216,0.5051613154929903,0.026881720430107527,3.0,40.0,0.0,0.0,0.0,0.0,0.0,0,0,54.58387059647523,10.146650077403075,91.43374469491421,0.0002840909090909091,0.0008522727272727272,1.0,0.0,0.0,0.0011363636363636363,1.0,0.0,0.029185413202420428
Oct_2022,20221028,3488,399.0,1445,14600.0,0,-1,-1.0,29.8927752293578,12.022036667112726,11.0,52.0,41.0,0.10722477064220183,1.0,32.81,3.8454959622888567,0.11,13.0,32.81,3.8454959622888567,13.0,0.11,0.0,0.0,0,0,6.15176554637214,5.639915419910758,85.59130875850546,0.03669724770642202,0.06938073394495413,14.0,0.0,0.0,0.11181192660550458,10.0,0.0,0.5459157902187198
Oct_2022,20221029,3391,336.0,1338,16260.0,0,-1,-1.0,15.635505750516073,16.485172430437302,0.0,54.0,54.0,0.09466234149218519,1.0,11.415,2.7678656762946523,0.06,10.0,11.415,2.7678656762946523,10.0,0.06,6.664700678265999,0.0,0,0,6.7440589349194235,5.4172043639770715,76.89171645772076,0.019463285166617515,0.044824535535240344,7.0,0.0,0.0,0.07431436154526688,7.0,0.0,0.37831588875041416
Oct_2022,20221030,3463,376.0,2124,23410.0,0,-1,-1.0,12.173837712965637,16.888711663625358,0.0,60.0,60.0,0.10915391279237656,1.0,6.655,2.6172936653446564,0.05,8.0,6.655,2.6172936653446564,8.0,0.05,13.48541726826451,0.0,0,0,6.912142817667598,2.448476877852611,93.27056214274948,0.12907883338146117,0.16430840311868322,14.0,0.0,0.0,0.2725960150158822,15.0,0.0,1.0785858092690257
Oct_2022,20221031,3417,304.0,1411,15610.0,0,-1,-1.0,89.60637986537898,13.124623122936754,49.0,100.0,51.0,0.058823529411764705,1.0,96.78,4.12390993667771,0.06,10.0,96.78,4.12390993667771,10.0,0.06,19.783435762364647,57.49999999999999,0,0,2.2254907294051014,6.337642039495922,89.59994093243787,0.0,0.0,0.0,0.0,0.0,0.0,0.0,0.0,0.0
Nov_2022,20221101,3389,303.0,1714,18580.0,0,-1,-1.0,58.82059604603128,11.629575465191603,30.0,81.0,51.0,0.07347300088521688,1.0,64.135,3.025316130331211,0.07,9.0,64.135,3.025316130331211,9.0,0.07,0.0,0.0,0,0,6.668749036756135,6.446334972663864,87.27067023871058,0.0,0.0,0.0,0.0,0.0,0.0,0.0,0.0,0.0
Nov_2022,20221102,3366,295.0,1657,18060.0,1,3023,31720.0,54.950386215092095,23.751116119847097,11.0,94.0,83.0,0.08288770053475936,1.0,93.34110787172011,0.8499920519214681,0.029154518950437316,2.0,93.315,0.8943007711875987,2.0,0.02,0.0,0.0,0,0,48.096657253973326,12.408617380334286,84.7088649522424,0.0,0.0,0.0,0.0,0.0,0.0,0.0,0.0,0.0
Nov_2022,20221103,3367,392.0,1459,14590.0,0,-1,-1.0,50.05138105138105,12.096832905077525,11.0,70.0,59.0,0.14256014256014257,1.0,15.16,3.2491823478604953,0.07,11.0,15.16,3.2491823478604953,11.0,0.07,0.0,0.0,0,0,6.4854281987186955,15.120452253744391,94.82528533919873,0.08316008316008316,0.1300861300861301,12.0,0.0,0.0,0.23284823284823286,12.0,0.0,0.8797285061372513
Nov_2022,20221104,3480,352.0,2114,22760.0,0,-1,-1.0,28.944827586206898,9.603543930281893,11.0,49.0,38.0,0.09683908045977012,1.0,39.075,2.076277835031045,0.05,9.0,39.075,2.076277835031045,9.0,0.05,0.0,0.0,0,0,7.1294752019133,8.386756649949746,100.08419077551754,0.046839080459770116,0.07327586206896551,13.0,0.0,0.0,0.1396551724137931,13.0,0.0,0.6769550069205283
Nov_2022,20221105,3089,399.0,1244,14760.0,0,-1,-1.0,66.60731628358693,6.986262302721842,48.0,83.0,35.0,0.08611201035933959,1.0,67.295,2.0120179125450175,0.04,6.0,67.295,2.0120179125450175,6.0,0.04,0.0,0.0,0,0,7.324924464690945,6.6886344673443165,83.82582279823234,0.06409841372612496,0.08481709291032696,13.0,0.0,0.0,0.13596633214632567,13.0,0.0,0.7901141784859487
Nov_2022,20221106,3470,295.0,1440,16160.0,0,-1,-1.0,35.453025936599424,16.1641536296221,0.0,57.0,57.0,0.06455331412103746,1.0,29.9,4.509064015009909,0.065,11.0,29.9,4.509064015009909,11.0,0.065,5.763688760806916,0.0,0,0,5.997338136040529,18.325605365089025,101.3586069502629,0.0,0.0,0.0,0.0,0.0,0.0,0.0,0.0,0.0
Nov_2022,20221107,3437,287.0,1403,15760.0,0,-1,-1.0,19.427698574338084,14.99638376176306,0.0,57.0,57.0,0.06430026185627,1.0,13.94,1.67644035423469,0.055,8.0,13.94,1.67644035423469,8.0,0.055,13.151003782368345,0.0,0,0,7.390196267517435,7.467211963193014,96.18872950424478,0.0,0.0,0.0,0.0,0.0,0.0,0.0,0.0,0.0
Nov_2022,20221108,3385,287.0,1452,16270.0,0,-1,-1.0,21.20738552437223,12.616038417163619,1.0,59.0,58.0,0.0827178729689808,1.0,18.52,1.2836818904930845,0.03,6.0,18.52,1.2836818904930845,6.0,0.03,0.0,0.0,0,0,7.743724899528378,6.135916698092159,94.71333967081078,0.0002954209748892171,0.0014771048744460858,1.0,0.0,0.0,0.0029542097488921715,1.0,0.0,0.03841040077370787
Nov_2022,20221109,3236,280.0,1542,17220.0,0,-1,-1.0,50.249690976514216,19.356767981101115,16.0,83.0,67.0,0.08559950556242274,1.0,78.495,4.1395233139012095,0.065,12.0,78.495,4.1395233139012095,12.0,0.065,0.0,0.0,0,0,6.0958796599264735,15.131674514475213,79.58485417966641,0.0,0.0,0.0,0.0,0.0,0.0,0.0,0.0,0.0
Nov_2022,20221110,3397,287.0,1681,18600.0,0,-1,-1.0,21.772151898734176,17.95956101993436,0.0,56.0,56.0,0.08242566970856638,1.0,42.32,4.916140987711325,0.075,15.0,42.32,4.916140987711325,15.0,0.075,7.212246099499558,0.0,0,0,5.717179918122927,14.591838240014987,88.11806612443854,0.0011775095672652341,0.0023550191345304682,1.0,0.0,0.0,0.0047100382690609364,1.0,0.0,0.048478498891846473
Nov_2022,20221111,3233,280.0,1312,14930.0,1,3024,32050.0,37.81348592638416,8.72518638651682,21.0,55.0,34.0,0.0708320445406743,1.0,51.55502392344498,0.7125834123927,0.028708133971291867,2.0,51.625,0.6453350187554994,2.0,0.03,0.0,0.0,0,0,51.51209780277383,10.122911108997565,83.78147298796623,0.0,0.0,0.0,0.0,0.0,0.0,0.0,0.0,0.0
Nov_2022,20221112,3306,287.0,1394,15700.0,0,-1,-1.0,63.58711433756806,6.315397006978902,49.0,79.0,30.0,0.06170598911070781,1.0,68.165,5.509040080909316,0.09,18.0,68.165,5.509040080909316,18.0,0.09,0.0,0.0,0,0,5.4350661534652085,6.854586368272649,95.29318844831458,0.0,0.0,0.0,0.0,0.0,0.0,0.0,0.0,0.0
Nov_2022,20221113,3449,303.0,1636,17530.0,1,3230,33470.0,46.244418672078865,10.236458360859912,25.0,63.0,38.0,0.07190489997100609,1.0,37.10045662100457,0.5576406488887957,0.0273972602739726,3.0,37.21,0.4083303421761706,1.0,0.015,0.0,0.0,0,0,53.04933100492106,7.988792795907747,92.57490539440953,0.004639025804581038,0.011017686285879966,7.0,0.0,0.0,0.02087561612061467,7.0,0.0,0.16118518402822765
Nov_2022,20221114,3399,311.0,1471,15750.0,0,-1,-1.0,43.45807590467785,14.826679417438802,19.0,74.0,55.0,0.09238011179758752,1.0,25.02,5.858430338422636,0.07,14.0,25.02,5.858430338422636,14.0,0.07,0.0,0.0,0,0,5.456004587057623,7.4067899390495056,84.1758173323106,0.0088261253309797,0.01235657546337158,11.0,0.0,0.0,0.024124742571344514,11.0,0.0,0.2386203625163973
Nov_2022,20221115,3220,343.0,1409,15150.0,1,2982,30880.0,39.15714285714286,5.726295350288378,25.0,49.0,24.0,0.07981366459627329,1.0,43.96218487394958,0.24870689937264237,0.008403361344537815,2.0,44.0,0.0,0.0,0.0,0.0,0.0,0,0,68.62898621740585,5.713498674519299,62.07797997326137,0.011801242236024845,0.01987577639751553,8.0,0.0,0.0,0.037267080745341616,9.0,0.0,0.24971431350491782
Nov_2022,20221116,3259,375.0,1136,12220.0,1,2939,30250.0,16.77692543725069,14.956975587362509,0.0,49.0,49.0,0.08499539736115373,1.0,11.521875,0.7339652153229574,0.0125,3.0,12.0,0.0,0.0,0.0,4.725375882172445,0.0,0,0,48.86474456113283,6.310402895209227,108.76824211174537,0.15035286897821418,0.16876342436330163,14.0,0.0,0.0,0.23381405339061062,14.0,0.0,1.1601607756483725
Nov_2022,20221117,3322,279.0,1446,16550.0,0,-1,-1.0,18.20439494280554,15.490710913680237,0.0,53.0,53.0,0.052980132450331126,1.0,9.255,3.620152277537896,0.045,9.0,9.255,3.620152277537896,9.0,0.045,8.248043347381095,0.0,0,0,6.424607881563112,5.26291746213254,97.87807660713773,0.0,0.0,0.0,0.0,0.0,0.0,0.0,0.0,0.0
Nov_2022,20221118,3476,328.0,1503,15690.0,1,3179,32450.0,10.590621403912543,14.714182990617317,0.0,49.0,49.0,0.062428078250863064,1.0,9.195286195286196,0.9806806114808541,0.006734006734006734,2.0,9.775,0.629568728511509,2.0,0.01,44.79286536248562,0.0,0,0,45.71607008899371,7.182416800145093,58.306845950922956,0.0008630609896432681,0.0008630609896432681,1.0,0.0,0.0,0.0017261219792865361,1.0,0.0,0.02936944439198387
Nov_2022,20221119,3271,304.0,1619,17750.0,0,-1,-1.0,43.140935493732805,7.53641574656096,23.0,59.0,36.0,0.10180372974625497,1.0,52.49,1.41417802892261,0.035,6.0,52.49,1.41417802892261,6.0,0.035,0.0,0.0,0,0,7.663317933003661,4.774955532096407,88.69381388788237,-0.0012228676245796392,0.006725771935188016,2.0,0.0,0.0,0.012228676245796393,2.0,0.0,0.09228998477479926
Nov_2022,20221120,3096,104.0,1856,20380.0,0,-1,-1.0,24.425710594315245,13.042826356493897,0.0,49.0,49.0,0.08236434108527131,1.0,16.01,5.483634858037268,0.08,16.0,16.01,5.483634858037268,16.0,0.08,2.0348837209302326,0.0,0,0,5.505505961861525,9.035364056847513,22.224384008382728,0.0,0.0,0.0,0.0,0.0,0.0,0.0,0.0,0.0
Nov_2022,20221121,3283,351.0,1699,17490.0,0,-1,-1.0,58.66219920804143,5.136538494272558,46.0,69.0,23.0,0.04508071885470606,1.0,67.255,1.9670591267270543,0.02,4.0,67.255,1.9670591267270543,4.0,0.02,0.0,0.0,0,0,7.469900525078847,3.3596538802213423,63.6178835337771,0.0012183978068839476,0.004873591227535791,3.0,0.0,0.0,0.009747182455071581,4.0,0.0,0.09223678319625792
Nov_2022,20221122,3275,208.0,524,6720.0,0,-1,-1.0,60.012519083969465,19.55383907828115,27.0,100.0,73.0,0.08946564885496183,1.0,60.835,3.528459313302074,0.04,8.0,60.835,3.528459313302074,8.0,0.04,1.618320610687023,0.0,0,0,6.506833115889869,21.12053777155209,27.933088547015714,-0.000916030534351145,0.0015267175572519084,1.0,0.0,0.0,0.0030534351145038168,1.0,0.0,0.03904935715868233
Nov_2022,20221123,2843,88.0,1152,15270.0,0,-1,-1.0,79.30953218431235,15.87439273528966,49.0,100.0,51.0,0.041857193105874074,1.0,90.515,1.2070875285195923,0.02,4.0,90.515,1.2070875285195923,4.0,0.02,22.405909250791417,0.0,0,0,7.919482602313447,11.224857005127108,21.304918027440674,0.0,0.0,0.0,0.0,0.0,0.0,0.0,0.0,0.0
Nov_2022,20221124,3282,328.0,1441,15510.0,0,-1,-1.0,55.56825106642291,14.136630409754861,45.0,100.0,55.0,0.043875685557586835,1.0,97.01,4.2176823281401274,0.055,10.0,97.01,4.2176823281401274,10.0,0.055,3.3516148689823275,55.00000000000001,0,0,2.2845298638624447,16.924759590256073,60.077985421926215,0.001218769043266301,0.002437538086532602,1.0,0.0,0.0,0.004875076173065204,1.0,0.0,0.04931873486875425
Nov_2022,20221125,3195,351.0,1536,18140.0,0,-1,-1.0,30.106729264475742,7.85670438510128,13.0,49.0,36.0,0.0838810641627543,1.0,16.51,4.862935399891468,0.065,13.0,16.51,4.862935399891468,13.0,0.065,0.0,0.0,0,0,5.804526060657853,7.019229595609735,98.99077119248871,0.02754303599374022,0.07136150234741784,12.0,0.0,0.0,0.1270735524256651,12.0,0.0,0.6280167213833789
Nov_2022,20221126,3241,272.0,1283,15220.0,0,-1,-1.0,12.627584078987967,12.78436417186276,0.0,51.0,51.0,0.05708114779389077,1.0,35.14,0.6875782276188488,0.025,5.0,35.14,0.6875782276188488,5.0,0.025,21.474853440296204,0.0,0,0,8.188279177106859,11.500147738444829,99.16023452678233,0.0,0.0,0.0,0.0,0.0,0.0,0.0,0.0,0.0
Nov_2022,20221127,3316,16383.0,1457,17170.0,0,-1,-1.0,68.77895054282268,15.204478291113572,41.0,100.0,59.0,0.07509047044632086,1.0,91.645,4.842128254202976,0.09,18.0,91.645,4.842128254202976,18.0,0.09,1.2062726176115801,20.0,0,0,3.605925916805335,10.415637398090265,385.8022885709105,0.0021109770808202654,0.0027141133896260556,1.0,0.0,0.0,0.0048250904704463205,2.0,0.0,0.05203425307487213
Nov_2022,20221128,3164,272.0,1346,16180.0,0,-1,-1.0,69.01232616940581,14.612439960727924,47.0,100.0,53.0,0.0534134007585335,1.0,65.655,2.354504930412481,0.05,5.0,65.655,2.354504930412481,5.0,0.05,2.6548672566371683,0.0,0,0,7.191913735905553,12.963757229186601,97.59121107030201,0.0,0.0,0.0,0.0,0.0,0.0,0.0,0.0,0.0
Nov_2022,20221129,3369,287.0,1335,14580.0,1,2902,30250.0,54.91807658058771,9.88252538262939,38.0,69.0,31.0,0.05075690115761353,1.0,68.18201284796574,0.4284138525061076,0.008565310492505354,3.0,68.0,0.0,0.0,0.0,0.0,0.0,0,0,57.57121451437921,7.5443048850727115,92.83577240512489,-0.0008904719501335708,0.003265063817156426,1.0,0.0,0.0,0.005342831700801425,1.0,0.0,0.057055844986758295
Nov_2022,20221130,3421,272.0,1230,13070.0,1,3029,31060.0,59.94826074247296,7.407753211778411,43.0,77.0,34.0,0.06226249634609763,1.0,47.170918367346935,0.39025360430367323,0.007653061224489796,2.0,47.31,0.4636538303215658,1.0,0.005,0.0,0.0,0,0,62.58187800158313,8.703994255181906,97.19862206493353,0.0070154925460391695,0.01636948260742473,3.0,0.0,0.0,0.028061970184156678,3.0,0.0,0.15012987454920199
Dec_2022,20221201,3308,295.0,1845,19180.0,0,-1,-1.0,61.12605804111246,7.816005416474109,47.0,75.0,28.0,0.05834340991535671,1.0,48.115,2.6959442831574707,0.055,11.0,48.115,2.6959442831574707,11.0,0.055,0.0,0.0,0,0,6.733578558597819,8.726820464302067,85.66739008275789,0.0009068923821039903,0.0015114873035066505,2.0,0.0,0.0,0.0024183796856106408,2.0,0.0,0.04598300577302581
Dec_2022,20221202,3174,264.0,1217,14840.0,0,-1,-1.0,13.620982986767485,16.703557640845272,0.0,49.0,49.0,0.0500945179584121,1.0,4.555,0.9061348696579612,0.015,3.0,4.555,0.9061348696579612,3.0,0.015,26.811594202898554,0.0,0,0,8.182546143752585,3.9542341592178114,98.25060470483103,0.0,0.0,0.0,0.0,0.0,0.0,0.0,0.0,0.0
Dec_2022,20221203,3154,295.0,1448,16220.0,0,-1,-1.0,41.00507292327204,11.168602615127648,22.0,66.0,44.0,0.0897273303741281,1.0,51.435,4.863542456495127,0.09,18.0,51.435,4.863542456495127,18.0,0.09,0.0,0.0,0,0,5.632678674977063,9.085340976987416,78.56967055656152,-0.0028535193405199747,0.016169942929613188,2.0,0.0,0.0,0.028535193405199746,2.0,0.0,0.13583367577889982
Dec_2022,20221204,3204,304.0,1093,13520.0,0,-1,-1.0,31.974406991260924,14.545351487069205,0.0,54.0,54.0,0.11704119850187265,1.0,2.57,2.9949874371595815,0.09,7.0,2.57,2.9949874371595815,7.0,0.09,3.058676654182272,49.0,0,0,2.5455016413066285,11.103150432687709,67.24651092322502,0.010611735330836454,0.031835205992509365,3.0,0.0,0.0,0.05493133583021224,5.0,0.0,0.20204450549489245
Dec_2022,20221205,1202,8.0,61,610.0,1,400,4000.0,9.949251247920133,16.28789450324929,0.0,49.0,49.0,0.04076539101497504,1.0,0.02369077306733167,0.16017264137749485,0.0024937655860349127,2.0,0.0,0.0,0.0,0.0,65.22462562396007,97.75561097256858,0,0,1.9904271642289197,13.9115035368165,0.47510400834904276,0.0,0.0,0.0,0.0,0.0,0.0,0.0,0.0,0.0
Dec_2022,20221206,315,16383.0,127,19980.0,0,-1,-1.0,45.51428571428571,17.872931327829736,9.0,65.0,56.0,0.24761904761904763,1.0,12.870967741935484,1.7652560812126,0.22580645161290322,7.0,12.870967741935484,1.7652560812126,7.0,0.22580645161290322,0.0,0.0,0,0,7.304035005335881,16.038109552428597,1194.306773793199,0.0,0.0,0.0,0.0,0.0,0.0,0.0,0.0,0.0
Dec_2022,20221207,1655,15.0,1425,18660.0,0,-1,-1.0,52.141993957703924,3.9111683497003096,40.0,55.0,15.0,0.012688821752265862,1.0,42.18181818181818,1.8355325115308956,0.024242424242424242,4.0,42.18181818181818,1.8355325115308956,4.0,0.024242424242424242,0.0,0.0,0,0,7.5416061346721435,4.691267756693232,0.6386245186873237,0.0,0.0,0.0,0.0,0.0,0.0,0.0,0.0,0.0
Dec_2022,20221208,1470,16.0,215,7250.0,1,869,21630.0,48.802721088435376,0.8765879748406898,48.0,51.0,3.0,0.003401360544217687,1.0,48.026622296173045,0.21437522890651053,0.0033277870216306157,2.0,48.0,0.0,0.0,0.0,0.0,0.0,0,0,70.5366348780263,0.9446348322789484,1.2421982459354668,0.0,0.0,0.0,0.0,0.0,0.0,0.0,0.0,0.0
Dec_2022,20221209,2372,55.0,821,17280.0,0,-1,-1.0,20.460370994940977,15.31113111181008,0.0,57.0,57.0,0.05227655986509275,1.0,5.56,1.2980077505943541,0.03,6.0,5.56,1.2980077505943541,6.0,0.03,2.360876897133221,0.0,0,0,7.735143877478151,9.449198912070019,13.062934219032307,0.0016863406408094434,0.002529510961214165,2.0,0.0,0.0,0.00505902192242833,2.0,0.0,0.058031910440450786
Dec_2022,20221210,3236,136.0,1624,17660.0,0,-1,-1.0,62.98053152039555,8.061390675600771,43.0,75.0,32.0,0.0911619283065513,1.0,61.18,5.686765027888181,0.1,17.0,61.18,5.686765027888181,17.0,0.1,0.0,0.0,0,0,5.409275221984222,5.664972604796037,37.18148416246555,0.00030902348578491963,0.0015451174289245982,2.0,0.0,0.0,0.0030902348578491965,2.0,0.0,0.04649134274118155
Dec_2022,20221211,3120,216.0,1931,22000.0,0,-1,-1.0,18.246153846153845,13.544021227534756,0.0,49.0,49.0,0.1076923076923077,1.0,8.005,2.0434907074309843,0.04,7.0,8.005,2.0434907074309843,7.0,0.04,13.044871794871796,0.0,0,0,7.255056220706688,8.10503716938492,80.38575579437293,-0.002564102564102564,0.027564102564102563,10.0,0.0,0.0,0.04935897435897436,10.0,0.0,0.34144586633071694
Dec_2022,20221212,3051,328.0,1079,13080.0,1,2709,29380.0,54.507702392658146,9.329603315829944,35.0,74.0,39.0,0.07407407407407407,1.0,57.494152046783626,0.9053252426591223,0.017543859649122806,4.0,57.0,0.0,0.0,0.0,0.0,0.0,0,0,43.050208856206986,7.450928861450905,79.9743810157906,0.0058997050147492625,0.00983284169124877,4.0,0.0,0.0,0.01966568338249754,4.0,0.0,0.15961533139442352
Dec_2022,20221213,2884,376.0,1285,16930.0,0,-1,-1.0,31.93134535367545,15.062690207088622,3.0,61.0,58.0,0.07628294036061026,1.0,7.3,2.393458421631845,0.03,5.0,7.3,2.393458421631845,5.0,0.03,0.0,0.0,0,0,7.182123648578389,13.977205973199572,96.21611858206943,0.0034674063800277394,0.011789181692094313,8.0,0.0,0.0,0.017337031900138695,8.0,0.0,0.27973475359689637
Dec_2022,20221214,3093,264.0,1095,14000.0,1,2800,31050.0,80.73908826382153,22.170794486135943,41.0,100.0,59.0,0.041060459101196246,1.0,99.02730375426621,0.9996259059957942,0.006825938566552901,2.0,99.505,0.8623766389094059,2.0,0.01,33.59198189460071,51.19453924914675,0,0,3.5966408349690786,5.593536040119178,99.17481844357654,0.0,0.0,0.0,0.0,0.0,0.0,0.0,0.0,0.0
Dec_2022,20221215,3109,264.0,1143,14550.0,1,2894,32060.0,82.21293020263751,19.06787848110595,48.0,100.0,52.0,0.035702798327436475,1.0,92.13023255813954,0.3509232707098067,0.009302325581395349,2.0,92.06,0.23808279460185092,1.0,0.005,21.904149244129943,0.0,0,0,64.09329537837931,3.9667889425765384,100.7991376284049,0.0,0.0,0.0,0.0,0.0,0.0,0.0,0.0,0.0
Dec_2022,20221216,2962,264.0,1180,14900.0,0,-1,-1.0,26.790006752194465,13.340846214172002,0.0,53.0,53.0,0.061782579338284946,1.0,0.27,0.7347101435089041,0.015,3.0,0.27,0.7347101435089041,3.0,0.015,5.705604321404457,84.5,0,0,1.8416304568792288,14.453148342625385,92.9387330881558,0.0006752194463200541,0.0006752194463200541,1.0,0.0,0.0,0.0013504388926401081,1.0,0.0,0.025980596773014775
Dec_2022,20221217,2912,16383.0,0,0.0,0,-1,-1.0,59.698489010989015,10.562653910207013,29.0,75.0,46.0,0.05563186813186813,1.0,30.61,1.4658250973702154,0.045,9.0,30.61,1.4658250973702154,9.0,0.045,0.0,0.0,0,0,7.456662753704052,10.562653910207013,433.2526442494454,0.0,0.0,0.0,0.0,0.0,0.0,0.0,0.0,0.0
Dec_2022,20221218,3190,16383.0,3189,52760.0,1,2955,30580.0,43.167398119122254,12.434621870962252,16.0,61.0,45.0,0.08401253918495298,1.0,16.361702127659573,0.5240184929736352,0.01276595744680851,2.0,16.225,0.41863021424809627,1.0,0.01,0.0,0.0,0,0,57.57766887870964,0.0,0.0,-0.0006269592476489029,0.0025078369905956114,1.0,0.0,0.0,0.005015673981191223,1.0,0.0,0.050023316307227346
Dec_2022,20221219,2939,271.0,1227,15240.0,0,-1,-1.0,35.00340251786322,14.649663821860905,9.0,54.0,45.0,0.05375978223885675,1.0,15.69,1.8414272375950085,0.02,4.0,15.69,1.8414272375950085,4.0,0.02,0.0,0.0,0,0,7.5406664915001445,8.758616369234348,88.60077669553138,0.0,0.0013610071452875127,2.0,0.0,0.0,0.0027220142905750254,2.0,0.0,0.04517026246439575
Dec_2022,20221220,3273,327.0,1945,20030.0,1,3025,30830.0,30.50045829514207,9.540132854183737,15.0,50.0,35.0,0.09104796822487014,1.0,22.173387096774192,0.538194442981637,0.012096774193548387,2.0,22.03,0.17101529509309654,1.0,0.005,0.0,0.0,0,0,57.133349592755835,7.689145596311146,88.04665954260831,0.015582034830430797,0.02780323861900397,9.0,0.0,0.0,0.04949587534372136,9.0,0.0,0.29173093642642145
Dec_2022,20221221,2812,376.0,1419,15800.0,1,2333,26470.0,22.709103840682786,15.678353236450867,0.0,57.0,57.0,0.06721194879089616,1.0,21.0,0.9506659194357232,0.0041753653444676405,2.0,20.0,0.0,0.0,0.0,0.17780938833570412,0.0,0,0,46.40713017070337,8.015499815145478,49.09642019201232,0.04018492176386913,0.04445234708392603,13.0,0.0,0.0,0.08108108108108109,13.0,0.0,0.573778831517125
Dec_2022,20221222,3223,264.0,1247,14560.0,1,2775,29840.0,56.021408625504186,8.33459064639453,38.0,71.0,33.0,0.040024821594787464,1.0,70.078125,0.434181646849392,0.017857142857142856,3.0,70.0,0.0,0.0,0.0,0.0,0.0,0,0,57.07636188622852,8.014170750241188,101.5562787840682,-0.00031026993484331366,0.004033509152963078,2.0,0.0,0.0,0.008067018305926156,3.0,0.0,0.07668561902618226
Dec_2022,20221223,3111,264.0,1164,14770.0,1,2832,31450.0,35.58277081324333,20.868262618907714,0.0,66.0,66.0,0.06685953069752491,1.0,18.36200716845878,0.9971853842670932,0.03225806451612903,3.0,18.6,0.7298378700663007,2.0,0.03,13.33976213436194,0.0,0,0,42.92870902370894,21.026440676778435,100.46711603668066,0.0,0.0,0.0,0.0,0.0,0.0,0.0,0.0,0.0
Dec_2022,20221224,2982,16383.0,2981,54430.0,1,2543,28500.0,58.75251509054326,23.518051451842684,31.0,98.0,67.0,0.05667337357478203,1.0,31.507972665148063,0.5050477975300088,0.00683371298405467,2.0,31.005,0.07071067811865475,1.0,0.005,0.0,0.0,0,0,58.41525794035292,0.0,0.0,0.0,0.0,0.0,0.0,0.0,0.0,0.0,0.0,0.0
Dec_2022,20221225,3129,264.0,1141,14450.0,1,2821,31250.0,43.3579418344519,5.279257325698183,33.0,56.0,23.0,0.02109300095877277,1.0,55.675324675324674,0.48270568697297384,0.00974025974025974,2.0,55.525,0.5006277466376765,1.0,0.005,0.0,0.0,0,0,59.08608200705148,5.808328286880848,100.6485483727308,0.0,0.0,0.0,0.0,0.0,0.0,0.0,0.0,0.0
Dec_2022,20221226,2980,264.0,1105,14170.0,1,2636,29480.0,60.401006711409394,17.72854690286161,34.0,94.0,60.0,0.04731543624161074,1.0,93.0203488372093,0.20812615413164537,0.00872093023255814,3.0,93.05,0.21849186132974538,1.0,0.005,0.0,0.0,0,0,65.9262235665078,16.84407666863713,95.11158856485996,0.0,0.0,0.0,0.0,0.0,0.0,0.0,0.0,0.0
Dec_2022,20221227,2979,256.0,1014,13260.0,0,-1,-1.0,64.90936555891238,13.396363999306535,46.0,94.0,48.0,0.04464585431352803,1.0,52.985,2.3839444110074943,0.03,6.0,52.985,2.3839444110074943,6.0,0.03,0.0,0.0,0,0,7.135749726640365,10.884242774494606,92.48975989980342,0.0,0.0,0.0,0.0,0.0,0.0,0.0,0.0,0.0
Dec_2022,20221228,3212,264.0,1110,14160.0,1,2995,33010.0,67.10460772104608,9.723182810333599,48.0,80.0,32.0,0.03518057285180573,1.0,60.05990783410138,0.25659088127797797,0.009216589861751152,2.0,60.0,0.0,0.0,0.0,0.0,0.0,0,0,68.22178353494517,5.998787947324401,95.3027553348546,0.00031133250311332503,0.00031133250311332503,1.0,0.0,0.0,0.0006226650062266501,1.0,0.0,0.017644616831014634
Dec_2022,20221229,3171,367.0,1526,16800.0,0,-1,-1.0,75.15894039735099,15.34737509836816,49.0,98.0,49.0,0.05203405865657521,1.0,62.285,1.4746688581529175,0.025,4.0,62.285,1.4746688581529175,4.0,0.025,0.0,0.0,0,0,7.752136981159595,13.309974306091373,104.74152896895767,0.010406811731315043,0.010406811731315043,5.0,0.0,0.0,0.01829076001261432,5.0,0.0,0.17819332996264362
Dec_2022,20221230,3051,256.0,1144,14510.0,0,-1,-1.0,50.962635201573256,8.446315336189732,35.0,70.0,35.0,0.047853162897410685,1.0,45.165,2.011967960822658,0.025,5.0,45.165,2.011967960822658,5.0,0.025,0.0,0.0,0,0,7.387178597852195,9.960115711246857,95.33490522681473,0.0,0.0,0.0,0.0,0.0,0.0,0.0,0.0,0.0
Dec_2022,20221231,3077,256.0,1079,13840.0,1,2759,30640.0,81.31556711082223,15.120136423545995,49.0,100.0,51.0,0.04419889502762431,1.0,99.53459119496856,0.5419892582058753,0.012578616352201259,3.0,99.305,0.46156278121727407,1.0,0.005,5.687357816054599,55.0314465408805,0,0,3.4048011136937504,7.215986092179182,95.93328395757518,0.0,0.0,0.0,0.0,0.0,0.0,0.0,0.0,0.0
Jan_2023,20230101,3050,263.0,1292,15980.0,1,1655,19610.0,19.7327868852459,18.92481561040054,0.0,49.0,49.0,0.023278688524590165,1.0,0.05591397849462366,0.2646547108610238,0.01003584229390681,2.0,0.0,0.0,0.0,0.0,43.57377049180327,95.26881720430107,0,0,2.0362825162757354,12.74715128909402,98.81780284562562,0.0029508196721311475,0.0029508196721311475,3.0,0.0,0.0,0.005245901639344262,3.0,0.0,0.07007806784554763
Jan_2023,20230102,3097,264.0,1148,14540.0,0,-1,-1.0,59.3296738779464,12.973019146124123,38.0,87.0,49.0,0.05392315143687439,1.0,81.49,5.96892286773795,0.155,20.0,81.49,5.96892286773795,20.0,0.155,0.0,0.0,0,0,5.229052673533837,10.126945482006427,96.75503485213439,-0.002583144979011947,0.002583144979011947,8.0,0.0,0.0,0.005166289958023894,8.0,0.0,0.1437538167566189
Jan_2023,20230103,3026,264.0,1116,13860.0,0,-1,-1.0,46.96463978849967,15.93118690444169,14.0,70.0,56.0,0.06708526107072042,1.0,67.575,1.0146539375892287,0.02,3.0,67.575,1.0146539375892287,3.0,0.02,0.0,0.0,0,0,8.107240017107825,12.534071737336502,96.14956020458605,0.0,0.0,0.0,0.0,0.0,0.0,0.0,0.0,0.0
Jan_2023,20230104,3146,264.0,1387,15290.0,0,-1,-1.0,43.74253019707565,3.3909750913026575,37.0,51.0,14.0,0.03242212333121424,1.0,38.04,2.097713519537463,0.03,6.0,38.04,2.097713519537463,6.0,0.03,0.0,0.0,0,0,7.284534300462978,2.6966702676441634,91.48849364499921,0.0,0.0,0.0,0.0,0.0,0.0,0.0,0.0,0.0
Jan_2023,20230105,3234,287.0,1356,16550.0,0,-1,-1.0,76.79962894248608,15.865933831398742,47.0,100.0,53.0,0.059369202226345084,1.0,74.085,2.965085777568958,0.045,8.0,74.085,2.965085777568958,8.0,0.045,17.006802721088434,0.0,0,0,6.752155355606237,9.599174848329906,108.39714366098265,0.0,0.0,0.0,0.0,0.0,0.0,0.0,0.0,0.0
Jan_2023,20230106,3179,272.0,1087,13860.0,0,-1,-1.0,82.51966027052532,17.981928565941608,49.0,100.0,51.0,0.056621579112928595,1.0,92.21,4.364762969382698,0.055,10.0,92.21,4.364762969382698,10.0,0.055,15.885498584460523,0.0,0,0,6.0902218982372744,9.280555757165429,103.20510748021714,0.0,0.0,0.0,0.0,0.0,0.0,0.0,0.0,0.0
Jan_2023,20230107,3255,287.0,907,12130.0,0,-1,-1.0,40.90844854070661,38.30979852571485,0.0,95.0,95.0,0.08202764976958525,1.0,84.615,4.849159384230254,0.07,14.0,84.615,4.849159384230254,14.0,0.07,16.098310291858677,0.0,0,0,5.773952290724558,40.934316426067454,84.92473808132354,0.002457757296466974,0.004915514592933948,3.0,0.0,0.0,0.007987711213517665,3.0,0.0,0.0820776458028539
Jan_2023,20230108,3274,16383.0,3159,33010.0,1,3034,31580.0,42.286499694563226,16.912900859587957,19.0,78.0,59.0,0.07605375687232743,1.0,22.941666666666666,0.7685865234783423,0.029166666666666667,4.0,22.955,0.8162760149994096,3.0,0.025,0.0,0.0,0,0,45.50101460364707,1.0772595680541202,7833.639386964644,0.0036652412950519244,0.010995723885155772,4.0,0.0,0.0,0.021991447770311544,5.0,0.0,0.14582922802319165
Jan_2023,20230109,3188,320.0,1048,13160.0,0,-1,-1.0,24.166875784190715,9.47215664547487,0.0,49.0,49.0,0.09661229611041405,1.0,23.525,1.4901266345296542,0.02,3.0,23.525,1.4901266345296542,3.0,0.02,1.2860727728983687,0.0,0,0,7.8063240788307535,7.064274704204837,82.48040945192521,0.0003136762860727729,0.00533249686323714,3.0,0.0,0.0,0.01066499372647428,3.0,0.0,0.09524191376620414
Jan_2023,20230110,3077,264.0,1222,15110.0,0,-1,-1.0,14.275593110172245,14.501314870684318,0.0,49.0,49.0,0.0799480012999675,1.0,10.595,1.9570706753054943,0.05,10.0,10.595,1.9570706753054943,10.0,0.05,20.08449788755281,0.0,0,0,7.139251476491818,5.588526614825574,94.86675407965052,0.0,0.0,0.0,0.0,0.0,0.0,0.0,0.0,0.0
Jan_2023,20230111,3256,264.0,1239,15210.0,0,-1,-1.0,47.70485257985258,33.00873302185207,0.0,100.0,100.0,0.06603194103194103,1.0,0.955,1.504757948113935,0.02,4.0,0.955,1.504757948113935,4.0,0.02,18.151105651105652,70.0,0,0,2.0866041745743544,35.92987794787156,98.52010458045397,0.0,0.0,0.0,0.0,0.0,0.0,0.0,0.0,0.0
Jan_2023,20230112,3049,336.0,698,10040.0,0,-1,-1.0,85.25385372253197,11.00479371237027,49.0,100.0,51.0,0.045588717612331915,1.0,99.88,0.4545692090640827,0.02,4.0,99.88,0.4545692090640827,4.0,0.02,20.62971466054444,91.0,0,0,1.7429324765056695,9.150655730775563,95.97572627224591,0.0055755985569039025,0.00754345687110528,5.0,0.0,0.0,0.012463102656608724,5.0,0.0,0.14126641833361273
Jan_2023,20230113,3229,280.0,1529,18090.0,0,-1,-1.0,72.54784763084547,24.359451050793066,35.0,100.0,65.0,0.05419634561783834,1.0,99.42,1.5347237159899858,0.03,6.0,99.42,1.5347237159899858,6.0,0.03,14.060080520284918,86.0,0,0,1.7804770215851733,8.06748541249347,102.2329914072639,0.0,0.0,0.0,0.0,0.0,0.0,0.0,0.0,0.0
Jan_2023,20230114,3130,280.0,1278,15440.0,0,-1,-1.0,30.730670926517572,23.85099394787126,0.0,70.0,70.0,0.11405750798722045,1.0,22.54,1.055447700857902,0.015,3.0,22.54,1.055447700857902,3.0,0.015,8.019169329073481,0.0,0,0,8.083781801451286,14.849186073257112,97.31866819579555,0.0,0.0,0.0,0.0,0.0,0.0,0.0,0.0,0.0
Jan_2023,20230115,3115,280.0,1248,15170.0,1,2887,31560.0,61.05521669341894,9.80812226047408,45.0,80.0,35.0,0.06934189406099518,1.0,57.21491228070175,0.4222307981388592,0.008771929824561403,2.0,57.1,0.30075282427025124,1.0,0.005,0.0,0.0,0,0,61.31197593082306,7.1926890501485,94.45092804351198,0.00032102728731942215,0.00032102728731942215,1.0,0.0,0.0,0.0006420545746388443,1.0,0.0,0.017917234365811652
Jan_2023,20230116,3129,279.0,1328,15880.0,1,2687,29470.0,68.11728986896772,22.5242690556022,38.0,100.0,62.0,0.06168104825822947,1.0,92.01131221719457,0.1254781233611598,0.004524886877828055,2.0,92.0,0.0,0.0,0.0,10.8021732182806,0.0,0,0,75.18779974943894,19.473629335503336,96.08493903782166,0.0,0.0,0.0,0.0,0.0,0.0,0.0,0.0,0.0
Jan_2023,20230117,3168,272.0,1322,15910.0,1,2735,30040.0,25.944444444444443,20.287297275923034,0.0,69.0,69.0,0.05965909090909091,1.0,0.12702078521939955,0.48594566266916556,0.004618937644341801,2.0,0.0,0.0,0.0,0.0,14.078282828282829,93.53348729792148,0,0,2.0636722016332327,9.484953243949779,94.17137555665586,0.0,0.0,0.0,0.0,0.0,0.0,0.0,0.0,0.0
Jan_2023,20230118,3172,272.0,1172,14260.0,0,-1,-1.0,56.41393442622951,13.949038934491186,24.0,77.0,53.0,0.05138713745271122,1.0,75.365,1.4705740170758126,0.015,3.0,75.365,1.4705740170758126,3.0,0.015,0.0,0.0,0,0,7.821314855824595,14.682822332093304,94.27385628576724,0.0,0.0,0.0,0.0,0.0,0.0,0.0,0.0,0.0
Jan_2023,20230119,3210,272.0,1303,15500.0,1,2918,31650.0,64.46604361370717,25.422664543066134,26.0,100.0,74.0,0.05700934579439252,1.0,99.97602739726027,0.17421588476526095,0.00684931506849315,2.0,100.0,0.0,0.0,0.0,8.97196261682243,97.94520547945206,0,0,1.985952644403808,22.98413572722068,94.91092565360623,0.0012461059190031153,0.001869158878504673,1.0,0.0,0.0,0.003115264797507788,1.0,0.0,0.04320007533323075
Jan_2023,20230120,3208,280.0,1401,16500.0,1,2982,32310.0,63.024002493765586,15.627755403401471,43.0,96.0,53.0,0.047693266832917705,1.0,91.97345132743362,0.18667509462642742,0.008849557522123894,2.0,92.0,0.0,0.0,0.0,0.0,0.0,0,0,71.65763775368632,18.324610410113205,96.91752621278991,0.0,0.0,0.0,0.0,0.0,0.0,0.0,0.0,0.0
Jan_2023,20230121,3235,272.0,1198,14470.0,1,2921,31700.0,54.029057187017,19.35793171524346,23.0,83.0,60.0,0.07820710973724884,1.0,73.78980891719745,0.9726735799245134,0.01910828025477707,4.0,74.06,1.073387536735964,3.0,0.015,0.0,0.0,0,0,41.80983293873794,11.414617082305657,95.34566143549301,0.0,0.0,0.0,0.0,0.0,0.0,0.0,0.0,0.0
Jan_2023,20230122,3402,263.0,1719,18180.0,0,-1,-1.0,69.91152263374485,14.047074721685782,35.0,100.0,65.0,0.09112286890064668,1.0,81.12,3.2026371043423807,0.045,9.0,81.12,3.2026371043423807,9.0,0.045,0.7642563198118754,0.0,0,0,6.6016897098315726,15.826966395455926,34.18933921313833,-0.0005878894767783657,0.001763668430335097,1.0,0.0,0.0,0.003527336860670194,2.0,0.0,0.041965170831280506
Jan_2023,20230123,3348,375.0,1453,16690.0,0,-1,-1.0,51.73148148148148,11.042136232991556,36.0,82.0,46.0,0.06003584229390681,1.0,78.33,4.079745287152153,0.075,15.0,78.33,4.079745287152153,15.0,0.075,0.0,0.0,0,0,6.004294768599209,14.43260077645808,103.73613997626796,0.010752688172043012,0.019115890083632018,6.0,0.0,0.0,0.03524492234169654,6.0,0.0,0.22588443377745207
Jan_2023,20230124,3510,287.0,1537,16410.0,0,-1,-1.0,48.13960113960114,19.186086047380705,16.0,92.0,76.0,0.10056980056980057,1.0,82.05,1.3176421762081743,0.025,3.0,82.05,1.3176421762081743,3.0,0.025,0.0,0.0,0,0,7.909739009159583,16.675296865987416,87.38987347223832,0.0,0.0011396011396011395,1.0,0.0,0.0,0.002279202279202279,1.0,0.0,0.033743545219137805
Feb_2023,20230201,3405,16383.0,862,9920.0,0,-1,-1.0,15.28575624082232,14.617779678174365,0.0,53.0,53.0,0.08957415565345081,1.0,0.13,0.5519267302621692,0.015,3.0,0.13,0.5519267302621692,3.0,0.015,20.910425844346552,93.5,0,0,1.7059918623876433,8.564501235848828,1669.384745027148,0.021732745961820853,0.12393538913362702,15.0,0.0,0.0,0.1985315712187959,15.0,0.0,0.8389215955813676
Feb_2023,20230202,3468,296.0,1468,16590.0,0,-1,-1.0,35.67185697808535,14.07645870646295,23.0,69.0,46.0,0.0328719723183391,1.0,67.86,1.5238143096359396,0.02,4.0,67.86,1.5238143096359396,4.0,0.02,0.0,0.0,0,0,7.7256979749435715,15.856995495776511,102.43749743228841,0.0,0.0,0.0,0.0,0.0,0.0,0.0,0.0,0.0
Feb_2023,20230203,3290,16383.0,510,6180.0,1,3052,32320.0,46.9838905775076,12.059068997641475,17.0,72.0,55.0,0.06990881458966565,1.0,17.021008403361346,0.19373040103070024,0.008403361344537815,2.0,17.0,0.0,0.0,0.0,0.0,0.0,0,0,71.31987167229917,12.701955553141836,8012.284977622422,0.00911854103343465,0.01702127659574468,5.0,0.0,0.0,0.030395136778115502,8.0,0.0,0.20854853801018058
Feb_2023,20230204,3301,408.0,1034,12850.0,0,-1,-1.0,8.106028476219327,11.62412447055982,0.0,49.0,49.0,0.08361102696152681,1.0,0.36,1.0027098960708385,0.025,4.0,0.36,1.0027098960708385,4.0,0.025,27.80975461981218,88.0,0,0,1.7721789557680274,4.316648487957121,97.70740738554997,0.04271432899121479,0.0754316873674644,10.0,0.0,0.0,0.13147531051196606,15.0,0.0,0.6050838934685011
Feb_2023,20230205,3264,119.0,993,11540.0,0,-1,-1.0,67.50459558823529,19.884033477455475,44.0,100.0,56.0,0.07261029411764706,1.0,44.275,0.9560045625508752,0.02,4.0,44.275,0.9560045625508752,4.0,0.02,8.241421568627452,0.0,0,0,8.080152160140166,22.02568544568416,24.4562703205315,0.0,0.0,0.0,0.0,0.0,0.0,0.0,0.0,0.0
Feb_2023,20230206,3108,248.0,1443,17960.0,0,-1,-1.0,21.412805662805663,12.452153298464681,0.0,49.0,49.0,0.06917631917631918,1.0,4.185,2.030118693462956,0.03,6.0,4.185,2.030118693462956,6.0,0.03,5.984555984555985,9.0,0,0,5.506571938651299,10.209236245019982,43.07255207877887,0.0,0.0,0.0,0.0,0.0,0.0,0.0,0.0,0.0
Feb_2023,20230207,3727,407.0,1609,17260.0,1,3153,32700.0,71.39871210088543,10.118693258138812,45.0,87.0,42.0,0.06600482962167964,1.0,78.06968641114983,0.9537402659312707,0.010452961672473868,2.0,77.41,0.651168258211741,2.0,0.01,0.0,0.0,0,0,46.20659501403338,3.697271366023621,75.58433865482787,0.04239334585457472,0.05956533404883284,17.0,0.0,0.0,0.10195867990340757,17.0,0.0,0.6652110711246837
Feb_2023,20230208,3617,375.0,1555,16460.0,0,-1,-1.0,40.39977882222836,3.52895418646685,34.0,49.0,15.0,0.047829693115841856,1.0,38.72,3.5218770691851606,0.04,8.0,38.72,3.5218770691851606,8.0,0.04,0.0,0.0,0,0,6.50962115824979,3.25981499128017,99.22604607210722,0.00552944429084877,0.013270666298037047,6.0,0.0,0.0,0.026541332596074094,6.0,0.0,0.17706041168320005
Feb_2023,20230209,3512,287.0,1414,15710.0,0,-1,-1.0,33.1369589977221,7.271069282505344,20.0,49.0,29.0,0.05039863325740319,1.0,40.415,0.7248461975138252,0.02,4.0,40.415,0.7248461975138252,4.0,0.02,0.0,0.0,0,0,8.233945360334907,5.304336972949095,106.45114250720854,0.005125284738041002,0.00968109339407745,8.0,0.0,0.0,0.018223234624145785,8.0,0.0,0.18615634503734996
Feb_2023,20230210,3217,351.0,1667,18220.0,0,-1,-1.0,74.35529996891513,16.649134673175226,40.0,100.0,60.0,0.07895554864780852,1.0,78.955,0.4733872383017255,0.04,5.0,78.955,0.4733872383017255,5.0,0.04,2.611128380478707,0.0,0,0,8.32404699993143,6.491092371917209,120.00159903694538,0.03170655890581287,0.05222256760957414,10.0,0.0,0.0,0.08268573204849239,14.0,0.0,0.5210812669504288
Feb_2023,20230211,3512,327.0,1908,20470.0,1,3204,33430.0,18.09908883826879,15.580548575078918,0.0,53.0,53.0,0.06748291571753987,1.0,0.12987012987012986,0.48024557644782423,0.01948051948051948,2.0,0.0,0.0,0.0,0.0,19.789293849658314,92.85714285714286,0,0,2.07777970847805,5.593948849087879,88.6513769367325,0.003986332574031891,0.013097949886104784,5.0,0.0,0.0,0.02562642369020501,6.0,0.0,0.16483638030332004
Feb_2023,20230212,3748,320.0,2438,25470.0,0,-1,-1.0,25.290288153681963,14.000725957090182,0.0,51.0,51.0,0.0819103521878335,1.0,8.575,2.55676754936923,0.03,6.0,8.575,2.55676754936923,6.0,0.03,2.2411953041622197,0.0,0,0,7.048822055623671,5.065578380125446,90.60494235958409,0.0016008537886872999,0.010672358591248666,2.0,0.0,0.0,0.019743863393810034,4.0,0.0,0.11957257038313776
Feb_2023,20230213,3676,16383.0,0,0.0,0,-1,-1.0,32.64145810663765,16.914072085077468,11.0,73.0,62.0,0.07997823721436344,1.0,18.525,2.5889939063729335,0.075,10.0,18.525,2.5889939063729335,10.0,0.075,0.0,0.0,0,0,6.819424546851472,16.914072085077468,1763.6398943529289,0.000544069640914037,0.002720348204570185,2.0,0.0,0.0,0.00544069640914037,2.0,0.0,0.06166134527793051
Feb_2023,20230214,3541,328.0,1501,16040.0,0,-1,-1.0,72.15475854278452,15.750429931523778,43.0,97.0,54.0,0.07060152499293985,1.0,87.615,1.4201617149051766,0.015,3.0,87.615,1.4201617149051766,3.0,0.015,0.0,0.0,0,0,7.852275631722874,6.74667025647228,95.80102574812578,0.0025416548997458347,0.0036712792996328723,5.0,0.0,0.0,0.005083309799491669,5.0,0.0,0.11268709911811874
Feb_2023,20230215,3779,368.0,2092,21930.0,1,3468,35690.0,63.058745699920614,5.329457040733634,49.0,72.0,23.0,0.05636411749139984,1.0,59.22186495176849,0.4532723966602319,0.00964630225080386,3.0,59.365,0.48263826878156096,1.0,0.005,0.0,0.0,0,0,56.724113291084,3.6439902654936014,70.22966320251146,0.003440063508864779,0.006615506747816882,3.0,0.0,0.0,0.013231013495633765,3.0,0.0,0.09874089853093175
Feb_2023,20230216,3840,399.0,2111,22150.0,1,3365,34690.0,26.0,7.660312364196498,10.0,49.0,39.0,0.06432291666666666,1.0,35.09894736842105,0.3960497818627404,0.00631578947368421,3.0,35.29,0.45490072913420804,1.0,0.005,0.0,0.0,0,0,58.74178947445232,3.1967203678877634,71.55323491023111,0.01171875,0.016927083333333332,5.0,0.0,0.0,0.030729166666666665,5.0,0.0,0.19225681491647276
Feb_2023,20230217,3767,312.0,1577,16980.0,1,3410,35310.0,54.03451022033448,8.254185337745032,36.0,70.0,34.0,0.06264932306875498,1.0,65.92997198879551,0.3146663103251091,0.008403361344537815,2.0,65.94,0.23808279460185092,1.0,0.005,0.0,0.0,0,0,65.65687825060307,9.018551270461664,105.05728567134847,0.0007963897000265463,0.0007963897000265463,2.0,0.0,0.0,0.0015927794000530925,2.0,0.0,0.03642848073895569
Feb_2023,20230218,3730,320.0,1722,18420.0,1,3529,36490.0,44.18686327077748,30.58416132884573,0.0,89.0,89.0,0.09249329758713137,1.0,3.3034825870646767,0.5499434615897106,0.024875621890547265,3.0,3.315,0.5264606386237252,2.0,0.02,1.420911528150134,0.0,0,0,53.3384798998143,17.891265918464647,106.13752858552687,0.0021447721179624667,0.008579088471849867,4.0,0.0,0.0,0.0160857908847185,4.0,0.0,0.12655624871681953
Feb_2023,20230219,3916,383.0,2207,22620.0,0,-1,-1.0,25.442543411644536,12.06931949700232,8.0,49.0,41.0,0.08350357507660879,1.0,17.59,2.385445819714623,0.025,5.0,17.59,2.385445819714623,5.0,0.025,0.0,0.0,0,0,7.188842205062522,3.149175853983819,107.63926759972534,0.031920326864147086,0.047752808988764044,11.0,0.0,0.0,0.08835546475995915,11.0,0.0,0.45375409387247223
Feb_2023,20230220,3888,343.0,1754,18730.0,1,3453,35720.0,65.91512345679013,16.173407416844725,34.0,98.0,64.0,0.06481481481481481,1.0,62.07586206896552,0.7095408909020458,0.016091954022988506,3.0,62.49,0.5011544461485624,1.0,0.005,0.0,0.0,0,0,49.36728798140161,9.506786534647064,119.74995280709206,0.0,0.0,0.0,0.0,0.0,0.0,0.0,0.0,0.0
Feb_2023,20230221,3708,312.0,1533,16390.0,0,-1,-1.0,25.72950377562028,15.189209431812449,0.0,55.0,55.0,0.05717367853290183,1.0,54.585,1.2612409140271659,0.04,8.0,54.585,1.2612409140271659,8.0,0.04,1.3754045307443366,0.0,0,0,7.6328647535160234,16.334582562354804,98.37890218507248,0.0,0.0,0.0,0.0,0.0,0.0,0.0,0.0,0.0
Feb_2023,20230222,3845,320.0,1685,16850.0,0,-1,-1.0,53.02470741222367,13.028850688340208,38.0,78.0,40.0,0.06033810143042913,1.0,41.41,1.8946897493339523,0.02,4.0,41.41,1.8946897493339523,4.0,0.02,0.0,0.0,0,0,7.510501700199387,13.945321544958995,112.62529730625207,0.0033810143042912874,0.0033810143042912874,3.0,0.0,0.0,0.005201560468140442,3.0,0.0,0.09805078269450078
Feb_2023,20230223,3791,368.0,2205,23040.0,0,-1,-1.0,6.898707465048799,12.494485365785398,0.0,50.0,50.0,0.0556581376945397,1.0,10.23,1.3624910676946616,0.03,6.0,10.23,1.3624910676946616,6.0,0.03,30.018464785017144,0.0,0,0,7.6967534154128625,3.2278072560171016,109.98601272966104,0.00474808757583751,0.011078871010287523,5.0,0.0,0.0,0.022157742020575046,5.0,0.0,0.1554079552790078
Feb_2023,20230224,3781,312.0,1566,16620.0,0,-1,-1.0,31.936789209203916,9.51531614998298,7.0,49.0,42.0,0.060830468130124306,1.0,26.885,4.634562638941388,0.07,11.0,26.885,4.634562638941388,11.0,0.07,0.0,0.0,0,0,5.9507648100444435,9.807978720484211,99.78174625762813,0.0,0.0,0.0,0.0,0.0,0.0,0.0,0.0,0.0
Feb_2023,20230225,3920,304.0,1518,15780.0,0,-1,-1.0,15.661224489795918,15.06961058166547,0.0,50.0,50.0,0.10739795918367347,1.0,20.18,6.818361258488455,0.075,15.0,20.18,6.818361258488455,15.0,0.075,5.0,0.0,0,0,5.156403712957706,6.679429454827016,83.69403530979936,0.0017857142857142857,0.007908163265306122,2.0,0.0,0.0,0.015816326530612244,2.0,0.0,0.09944326644026814
Feb_2023,20230226,3806,312.0,1550,16530.0,0,-1,-1.0,39.240409879138205,8.695718053916908,18.0,59.0,41.0,0.06726221755123489,1.0,41.99,0.8446699572515983,0.045,5.0,41.99,0.8446699572515983,5.0,0.045,0.0,0.0,0,0,8.071240020519724,7.083774942364477,100.93994794977966,0.0,0.0,0.0,0.0,0.0,0.0,0.0,0.0,0.0
Feb_2023,20230227,3799,407.0,1643,17920.0,0,-1,-1.0,23.189523558831272,18.791541960316913,0.0,61.0,61.0,0.08686496446433271,1.0,27.21,4.53638556230059,0.07,11.0,27.21,4.53638556230059,11.0,0.07,5.132929718346933,0.0,0,0,5.9857351925157705,14.08943280745418,94.53320362294873,0.06607001842590156,0.07659910502763885,14.0,0.0,0.0,0.13319294551197683,14.0,0.0,0.752861779121206
Feb_2023,20230228,3757,351.0,1630,17080.0,0,-1,-1.0,55.78360393931328,7.58910627673087,39.0,69.0,30.0,0.08091562416821932,1.0,61.8,7.698462941281945,0.14,24.0,61.8,7.698462941281945,24.0,0.14,0.0,0.0,0,0,4.7084386603903665,7.863758881239971,124.01063308721604,0.03194037796113921,0.045781208410966195,12.0,0.0,0.0,0.0787862656374767,12.0,0.0,0.503482449794048
Mar_2023,20230301,3604,367.0,1287,14840.0,1,2774,29710.0,20.310210876803552,18.042069936808797,0.0,51.0,51.0,0.038013318534961156,1.0,1.7590361445783131,0.6569726498298406,0.012048192771084338,4.0,2.0,0.0,0.0,0.0,2.746947835738069,11.927710843373495,0,0,12.448841076337388,5.950428936389877,63.42503701280328,0.020532741398446172,0.022197558268590455,8.0,0.0,0.0,0.0244173140954495,8.0,0.0,0.3265579219973655
Mar_2023,20230302,3891,408.0,1729,18740.0,0,-1,-1.0,48.31457208943716,11.01915793444298,27.0,71.0,44.0,0.0796710357234644,1.0,38.14,3.634065514104557,0.075,15.0,38.14,3.634065514104557,15.0,0.075,0.0,0.0,0,0,6.169387119385971,7.839757520075484,120.1548791641266,0.09432022616294011,0.12464662040606528,19.0,0.0,0.0,0.22153687997943974,19.0,0.0,1.0846612716970918
Mar_2023,20230303,3947,400.0,1872,19330.0,0,-1,-1.0,26.692931340258426,15.298233343508532,0.0,53.0,53.0,0.0894350139346339,1.0,0.605,1.3741968874317594,0.04,5.0,0.605,1.3741968874317594,5.0,0.04,4.155054471750697,82.0,0,0,1.8547990283299864,6.307423169457371,86.00876053884566,0.003800354699771979,0.022548771218647075,4.0,0.0,0.0,0.042563972637446164,4.0,0.0,0.193005649608833
Mar_2023,20230304,4495,16383.0,3935,45540.0,1,3897,40910.0,28.3230255839822,11.299410278494955,5.0,49.0,44.0,0.07675194660734148,1.0,37.91638795986622,0.3419801388957858,0.0033444816053511705,2.0,38.0,0.0,0.0,0.0,0.0,0.0,0,0,64.71132257478092,0.0,0.0,0.001557285873192436,0.002447163515016685,2.0,0.0,0.0,0.004449388209121246,2.0,0.0,0.05372853935807327
Mar_2023,20230305,3891,16383.0,0,0.0,0,-1,-1.0,52.51837573888461,29.92328424288313,0.0,100.0,100.0,0.08224106913389874,1.0,6.57,3.5479628240731365,0.05,8.0,6.57,3.5479628240731365,8.0,0.05,1.6962220508866617,0.0,0,0,6.4943655951461485,29.92328424288313,1346.1865267586863,0.0,0.0,0.0,0.0,0.0,0.0,0.0,0.0,0.0
Mar_2023,20230306,3982,335.0,2428,24970.0,0,-1,-1.0,49.21145153189352,6.115401096637654,38.0,61.0,23.0,0.07508789552988449,1.0,41.145,2.151071954343652,0.045,5.0,41.145,2.151071954343652,5.0,0.045,0.0,0.0,0,0,7.301363510162155,4.005209098041464,68.62568755433595,0.007031642390758413,0.015067805123053743,6.0,0.0,0.0,0.024108488196885988,6.0,0.0,0.17726602418107873
Mar_2023,20230307,4081,408.0,2241,23000.0,1,3819,38780.0,27.543984317569222,20.89999738961774,0.0,63.0,63.0,0.08453810340602794,1.0,13.877862595419847,0.6669298418858133,0.022900763358778626,3.0,13.765,0.4250628094291466,1.0,0.005,2.8424405782896347,0.0,0,0,50.255534182874776,3.836885080021246,96.18541377324185,0.0673854447439353,0.08453810340602794,17.0,0.0,0.0,0.14653271257044842,17.0,0.0,0.7836932351656121
Mar_2023,20230308,3876,384.0,1907,20670.0,0,-1,-1.0,54.710268317853455,7.327150241633566,40.0,66.0,26.0,0.053405572755417956,1.0,58.93,2.9561451198899635,0.035,7.0,58.93,2.9561451198899635,7.0,0.035,0.0,0.0,0,0,6.806821332437359,6.252726822398868,58.86706730483282,0.0046439628482972135,0.0046439628482972135,2.0,0.0,0.0,0.008771929824561403,2.0,0.0,0.07520536814870399
Mar_2023,20230309,4028,344.0,1761,18080.0,0,-1,-1.0,23.151439920556108,12.94426191313753,1.0,63.0,62.0,0.06355511420059583,1.0,27.97,3.7415365129030795,0.065,11.0,27.97,3.7415365129030795,11.0,0.065,0.0,0.0,0,0,6.28672369493396,8.855833685940667,110.3133249006753,0.0,0.0,0.0,0.0,0.0,0.0,0.0,0.0,0.0
Mar_2023,20230310,4044,328.0,1659,17160.0,0,-1,-1.0,62.54129574678536,11.357262488462155,48.0,100.0,52.0,0.08704253214638971,1.0,66.42,4.277274292921184,0.085,17.0,66.42,4.277274292921184,17.0,0.085,0.22255192878338279,0.0,0,0,5.860883390058271,9.688874011665034,108.03190759142382,-0.0002472799208704253,0.0002472799208704253,1.0,0.0,0.0,0.0004945598417408506,1.0,0.0,0.015725136593060976
Mar_2023,20230311,3277,352.0,968,9680.0,0,-1,-1.0,76.37107110161733,17.201179588179308,45.0,100.0,55.0,0.08605431797375648,1.0,65.495,10.26874924493126,0.16,28.0,65.495,10.26874924493126,28.0,0.16,18.950259383582548,0.0,0,0,4.127328199614776,14.056148890955633,116.79249616352358,0.0,0.0,0.0,0.0,0.0,0.0,0.0,0.0,0.0
Mar_2023,20230312,4036,343.0,1772,18360.0,1,3673,37370.0,28.266600594648168,19.38976810721542,0.0,72.0,72.0,0.09142715559960357,1.0,0.8760330578512396,0.8465423460498246,0.030303030303030304,3.0,1.155,0.8272828929239521,3.0,0.03,6.045589692765114,41.59779614325069,0,0,4.352416287482515,13.966553750805204,110.22662944300782,0.0,0.0,0.0,0.0,0.0,0.0,0.0,0.0,0.0
Mar_2023,20230313,3915,359.0,1466,15440.0,0,-1,-1.0,21.30727969348659,18.97345954821041,0.0,56.0,56.0,0.13358876117496807,1.0,2.66,2.737126101677161,0.125,8.0,2.66,2.737126101677161,8.0,0.125,9.83397190293742,14.499999999999998,0,0,4.563683119382285,11.618998432538131,119.00242456602228,0.027586206896551724,0.04240102171136654,12.0,0.0,0.0,0.07305236270753512,12.0,0.0,0.44439432189857664
Mar_2023,20230314,3649,384.0,2377,25170.0,0,-1,-1.0,37.36092080021924,34.19404792046391,0.0,98.0,98.0,0.12195121951219512,1.0,2.595,0.9083504293567338,0.015,3.0,2.595,0.9083504293567338,3.0,0.015,9.564264181967662,6.0,0,0,6.568856209679035,2.1005336550769242,87.9317376681415,0.018635242532200603,0.03453000822143053,5.0,0.0,0.0,0.06029049054535489,6.0,0.0,0.25737436200219344
Mar_2023,20230315,4082,408.0,1574,16190.0,0,-1,-1.0,38.18642822146007,24.918770894396005,3.0,100.0,97.0,0.1408623223909848,1.0,86.085,5.161490085188335,0.075,15.0,86.085,5.161490085188335,15.0,0.075,3.1602155805977463,0.0,0,0,5.638094094135883,30.02095394812581,116.65943285479938,0.10019598236158746,0.1315531602155806,17.0,0.0,0.0,0.2322390984811367,18.0,0.0,1.0484882470752337
Mar_2023,20230316,4090,351.0,1842,19110.0,0,-1,-1.0,67.6679706601467,15.14046972411951,27.0,86.0,59.0,0.07163814180929096,1.0,68.405,2.205742847101105,0.03,6.0,68.405,2.205742847101105,6.0,0.03,0.0,0.0,0,0,7.227656736981941,8.55615285603383,111.86134650900732,0.0,0.0,0.0,0.0,0.0,0.0,0.0,0.0,0.0
Mar_2023,20230317,4081,344.0,1666,17530.0,1,3873,39600.0,50.88752756677285,5.581468268093309,39.0,64.0,25.0,0.10414114187699093,1.0,49.53846153846154,0.8389443207941697,0.009615384615384616,2.0,49.6,0.7957171791193958,2.0,0.01,0.0,0.0,0,0,48.814784229101924,6.137005683116791,110.97457184332112,0.00490075961774075,0.017642734623866698,6.0,0.0,0.0,0.028424405782896348,6.0,0.0,0.18572177899458148
Mar_2023,20230318,4101,368.0,1928,20070.0,1,3798,38770.0,65.62253108997805,15.623416431966959,34.0,100.0,66.0,0.09656181419166057,1.0,62.976897689768975,0.5544470541499633,0.019801980198019802,3.0,63.205,0.4047146770865201,1.0,0.02,3.0480370641306997,0.0,0,0,53.35470269285115,12.951433633020217,117.05101203887949,0.0,0.0,0.0,0.0,0.0,0.0,0.0,0.0,0.0
Mar_2023,20230319,4098,351.0,1949,20360.0,0,-1,-1.0,63.218887262079065,23.248982163090517,18.0,100.0,82.0,0.12249877989263055,1.0,68.015,3.6813771456402304,0.19,14.0,68.015,3.6813771456402304,14.0,0.19,9.394826744753539,0.0,0,0,6.145761302496397,14.664374204954866,109.62831748482986,0.0,0.0,0.0,0.0,0.0,0.0,0.0,0.0,0.0
Mar_2023,20230320,4223,344.0,1781,18570.0,0,-1,-1.0,68.44044518115084,8.054186043838833,49.0,86.0,37.0,0.08240587260241534,1.0,72.165,1.9613796293046526,0.045,9.0,72.165,1.9613796293046526,9.0,0.045,0.0,0.0,0,0,7.190944204433473,6.562581693768722,123.12572662826351,0.000947193937958797,0.0023679848448969927,4.0,0.0,0.0,0.004735969689793985,4.0,0.0,0.07535848346858336
Mar_2023,20230321,4289,335.0,1848,19140.0,0,-1,-1.0,41.069013756120306,14.587899202931677,15.0,68.0,53.0,0.08580088598740965,1.0,23.345,5.099608320756175,0.065,13.0,23.345,5.099608320756175,13.0,0.065,0.0,0.0,0,0,5.725865599926047,14.810292093072405,121.03244995682948,0.00023315458148752622,0.0011657729074376311,3.0,0.0,0.0,0.0023315458148752623,5.0,0.0,0.05504867913494009
Mar_2023,20230322,4138,399.0,2143,22180.0,1,3877,39520.0,35.949975833736104,19.587754267248886,6.0,65.0,59.0,0.07346544224262928,1.0,10.996168582375478,0.623255005788085,0.022988505747126436,3.0,11.125,0.48013293804003365,2.0,0.01,0.0,0.0,0,0,51.38103192499239,7.391653822397881,114.89558044491403,0.017399710004833254,0.030932817786370227,6.0,0.0,0.0,0.05606573223779604,6.0,0.0,0.24877781957119524
Mar_2023,20230323,4238,335.0,1783,18540.0,1,3966,40370.0,44.37092968381312,12.374790877638818,19.0,71.0,52.0,0.06654082114204814,1.0,20.56985294117647,0.9956970043237862,0.014705882352941176,4.0,20.305,0.9521068940452235,2.0,0.01,0.0,0.0,0,0,41.486840458389956,15.619189433938068,117.5890852239832,0.0025955639452571967,0.0035394053798961773,3.0,0.0,0.0,0.0066068900424728644,3.0,0.0,0.0767324630138706
Mar_2023,20230324,4169,352.0,1820,18900.0,0,-1,-1.0,46.738786279683374,15.435866158837815,22.0,80.0,58.0,0.09138882225953467,1.0,74.985,2.311164730619672,0.06,8.0,74.985,2.311164730619672,8.0,0.06,0.0,0.0,0,0,7.056582990947084,18.274798079623515,114.43646215797234,0.0,0.0,0.0,0.0,0.0,0.0,0.0,0.0,0.0
Mar_2023,20230325,4151,335.0,1790,18710.0,1,3811,38920.0,38.73163093230547,15.08283183326338,7.0,65.0,58.0,0.07660804625391472,1.0,55.90294117647059,0.5260109211365805,0.03235294117647059,4.0,56.06,0.23808279460185092,1.0,0.005,0.0,0.0,0,0,51.06303375200592,14.4105389401583,130.5448981569945,0.0,0.000481811611659841,1.0,0.0,0.0,0.000963623223319682,1.0,0.0,0.021947562791260186
Mar_2023,20230326,4209,408.0,1968,20350.0,0,-1,-1.0,28.845331432644333,21.93727182543936,0.0,74.0,74.0,0.13779995248277502,1.0,20.75,1.2591374570230178,0.04,4.0,20.75,1.2591374570230178,4.0,0.04,5.179377524352578,0.0,0,0,7.874550562069623,7.809055666443058,87.24271932628325,0.0829175576146353,0.1090520313613685,17.0,0.0,0.0,0.1948206224756474,22.0,0.0,0.8976819955921723
Mar_2023,20230327,4204,408.0,1466,15860.0,0,-1,-1.0,66.33182683158897,14.112832605532473,23.0,97.0,74.0,0.1203615604186489,1.0,34.6,5.32841062597422,0.095,19.0,34.6,5.32841062597422,19.0,0.095,0.0,0.0,0,0,5.457499263714896,10.833647240943536,130.21485885529864,0.10252140818268315,0.13201712654614653,17.0,0.0,0.0,0.241674595623216,17.0,0.0,1.021506831218355
Mar_2023,20230328,4169,360.0,1887,19740.0,0,-1,-1.0,16.51163348524826,12.265435316249995,0.0,49.0,49.0,0.06788198608779084,1.0,15.515,1.367157855924134,0.045,7.0,15.515,1.367157855924134,7.0,0.045,15.207483809066922,0.0,0,0,7.626509770458531,8.231569724638353,116.80470433607552,0.005996641880546894,0.0074358359318781484,14.0,0.0,0.0,0.014871671863756297,14.0,0.0,0.27914108093021117
Mar_2023,20230329,4231,343.0,2020,21090.0,0,-1,-1.0,19.176790356889626,16.67642098115399,0.0,52.0,52.0,0.047742850389978726,1.0,1.155,1.0801893561899834,0.03,3.0,1.155,1.0801893561899834,3.0,0.03,9.477664854644292,32.5,0,0,3.4891604782228054,8.237089609401801,113.43794824079997,0.0,0.0,0.0,0.0,0.0,0.0,0.0,0.0,0.0
Mar_2023,20230330,4324,352.0,2093,21610.0,0,-1,-1.0,45.30157261794635,10.304195252990436,19.0,66.0,47.0,0.08857539315448659,1.0,40.3,8.197928406051968,0.115,23.0,40.3,8.197928406051968,23.0,0.115,0.0,0.0,0,0,4.62686028108983,8.387440342527288,80.35486256716858,0.006012950971322849,0.012025901942645698,3.0,0.0,0.0,0.02358926919518964,4.0,0.0,0.12484054423481347
Mar_2023,20230331,4384,352.0,1897,19870.0,0,-1,-1.0,28.369753649635037,23.231024504007667,0.0,71.0,71.0,0.08667883211678833,1.0,26.04,8.296539207047136,0.13,26.0,26.04,8.296539207047136,26.0,0.13,8.508211678832117,0.0,0,0,4.539977844908389,9.713739720457998,131.74869635118813,0.0006843065693430657,0.004333941605839416,3.0,0.0,0.0,0.007755474452554745,3.0,0.0,0.08122613742074716
Apr_2023,20230401,4260,3366.0,2083,21710.0,1,3685,37730.0,46.915023474178405,5.229399222082272,35.0,53.0,18.0,0.045305164319248824,4.0,36.01565217391305,0.1713805921849672,0.017391304347826087,3.0,36.0,0.1002509414234171,2.0,0.02,0.0,0.0,0,0,67.16945707592303,5.60921272380602,1096.9045953481786,0.11525821596244132,0.23215962441314553,100.0,0.07042253521126761,0.0009389671361502347,0.4394366197183099,100.0,0.14084507042253522,3.2007789221147998
Apr_2023,20230402,4221,3516.0,2626,27130.0,1,3551,36380.0,44.20682302771855,3.4786567754418396,37.0,50.0,13.0,0.11490168206586117,2.0,39.89850746268657,0.4689117054815843,0.09850746268656717,4.0,40.0,0.1002509414234171,2.0,0.02,0.0,0.0,0,0,50.82800941352483,1.1933977164727898,866.0481819224071,0.22956645344705046,0.6744847192608386,56.0,0.0,0.0,1.2087183131959252,60.0,0.0,3.4613212146192893
Apr_2023,20230403,4152,3815.0,1614,17810.0,1,3365,35320.0,21.076107899807322,21.280077838604605,0.0,51.0,51.0,0.101878612716763,4.0,2.4015247776365944,0.5873108707181055,0.03811944091486658,3.0,2.0,0.1002509414234171,2.0,0.02,0.48169556840077066,0.0,0,0,51.93644215312536,4.431280591357514,1132.9058306039233,0.7422928709055877,1.035645472061657,100.0,0.4335260115606936,0.001445086705202312,1.7683044315992293,100.0,0.7225433526011561,8.310795057955335
Apr_2023,20230404,4241,3815.0,1679,17670.0,1,3700,37880.0,49.473944824333884,4.0651931103347865,39.0,57.0,18.0,0.10091959443527469,2.0,53.033271719038815,0.2168849714638021,0.018484288354898338,2.0,53.015,0.12185748327926267,1.0,0.03,0.0,0.0,0,0,69.66848378279388,5.059840497674734,1058.735492450804,0.12237679792501768,0.43409573213864655,56.0,0.0,0.0,0.7960386701249705,88.0,0.0,2.6682899334845684
Apr_2023,20230405,4333,3815.0,1616,17150.0,1,3732,38310.0,37.74036464343411,9.014158738437066,26.0,50.0,24.0,0.13708746826678975,4.0,27.0216306156406,0.17662956527089968,0.009983361064891847,2.0,27.0,0.0,0.0,0.0,0.0,0.0,0,0,72.11817955877278,6.658368551770186,1318.9429957159316,0.3914147242095546,0.8419109162243249,100.0,0.04615739672282484,0.0,1.5010385414262635,100.0,0.06923609508423724,4.968151312593357
Apr_2023,20230406,4315,3815.0,1703,18000.0,1,3258,33550.0,21.708922363847044,22.449337215622233,0.0,51.0,51.0,0.10892236384704519,4.0,1.2989593188268684,0.5483522625428833,0.05487228003784295,3.0,0.93,0.2557872859983309,1.0,0.005,2.966396292004635,1.8921475875118259,0,0,35.096359944031214,7.895264652227912,1324.6033596899576,1.3761297798377752,1.556431054461182,100.0,0.764774044032445,-0.0018539976825028969,2.6994206257242177,100.0,1.3441483198146003,10.905216126533094
Apr_2023,20230407,4418,3441.0,2152,22480.0,1,3669,37650.0,50.53983703033047,4.663634638590364,43.0,63.0,20.0,0.04979628791308284,4.0,45.069425901201605,0.43630352534288164,0.021361815754339118,4.0,45.0,0.0,0.0,0.0,0.0,0.0,0,0,53.831009163865595,6.060256598315639,1181.0094083022525,0.13014938886373925,0.20574920778632866,100.0,0.022634676324128564,0.0,0.32277048438207334,100.0,0.022634676324128564,3.014866716776723
Apr_2023,20230408,4286,3292.0,2122,22160.0,1,3366,34600.0,41.195053663089126,11.72151514032995,19.0,53.0,34.0,0.045730284647690154,1.0,26.841304347826085,0.5527952854536782,0.02608695652173913,3.0,27.005,0.07071067811865474,1.0,0.01,0.0,0.0,0,0,53.223133289536065,11.736114144297519,1011.9349448922677,-0.004199720018665422,0.07886140923938405,4.0,0.0,0.0,0.13905739617358842,8.0,0.0,0.5553063938552272
Apr_2023,20230409,4320,3292.0,2148,22380.0,1,3911,40010.0,32.84050925925926,15.184953060933474,10.0,50.0,40.0,0.1175925925925926,1.0,13.76039119804401,0.8262221153200296,0.0488997555012225,3.0,13.02,0.17247824129029424,2.0,0.025,0.0,0.0,0,0,45.974435428872496,9.45186122239778,1093.144540598157,0.038425925925925926,0.30462962962962964,46.0,0.0,0.0,0.5592592592592592,46.0,0.0,1.5067270171135467
Apr_2023,20230410,4355,3367.0,2189,22680.0,1,2832,29110.0,51.79793340987371,5.139044642226124,44.0,61.0,17.0,0.05327210103329506,1.0,58.543007222587,0.7019463399757532,0.034143138542350626,4.0,59.005,0.07071067811865477,1.0,0.01,0.0,0.0,0,0,46.81451830818166,4.2262801389072,1046.6140497607237,0.0041331802525832375,0.1377726750861079,18.0,0.0,0.0,0.23880597014925373,22.0,0.0,0.9407500495386716
Apr_2023,20230411,4341,3142.0,2703,28010.0,1,3927,40250.0,37.44759272057129,8.755897648307318,26.0,54.0,28.0,0.12047915226906243,1.0,31.78985507246377,0.5451023213016923,0.07246376811594203,3.0,32.0,0.0,0.0,0.0,0.0,0.0,0,0,52.14944118581594,1.4259081030591316,700.6802867078221,0.026952315134761574,0.32043307993549874,28.0,0.0,0.0,0.5929509329647547,28.0,0.0,1.426645511711017
Apr_2023,20230412,4408,3591.0,2618,27050.0,1,3414,35010.0,42.076451905626136,9.782073272124041,24.0,53.0,29.0,0.12409255898366606,2.0,25.688128772635814,0.63255099784223,0.056338028169014086,4.0,26.0,0.0,0.0,0.0,0.0,0.0,0,0,47.87233728301549,7.880741061203287,1019.7828772409705,0.2849364791288566,0.6492740471869328,79.0,0.0,0.00045372050816696913,1.1819419237749547,100.0,0.022686025408348458,3.6768052276206626
Apr_2023,20230413,4437,3815.0,2395,24870.0,1,3327,34190.0,29.189317106152807,22.471728424085054,0.0,51.0,51.0,0.07752986251972054,4.0,2.73963963963964,0.45317819251503666,0.024324324324324326,3.0,3.005,0.07071067811865477,1.0,0.01,0.676132521974307,0.0,0,0,56.25871077685644,8.308872090640195,1294.7166963806276,0.8334460220869957,0.9722785665990534,100.0,0.47329276538201487,0.009916610322289835,1.6853729997746225,100.0,0.7888212756366914,8.452642037162498
Apr_2023,20230414,4491,3815.0,1687,17700.0,1,3618,37010.0,19.176798040525494,18.203891152331398,0.0,49.0,49.0,0.06568692941438432,4.0,7.575028636884307,0.8234908522940714,0.020618556701030927,3.0,8.0,0.0,0.0,0.0,0.0222667557336896,0.0,0,0,46.63941102094591,1.6695743291065428,1205.9086913435121,0.46515252727677575,0.6428412380316187,100.0,0.26720106880427524,0.015809396570919617,1.0761523046092185,100.0,0.445335114673792,6.643098757471177
Apr_2023,20230415,4325,3367.0,1934,20400.0,1,3907,40130.0,49.295491329479766,7.641274462540249,31.0,66.0,35.0,0.1176878612716763,1.0,32.09090909090909,0.5421014588762127,0.0430622009569378,3.0,32.0,0.1002509414234171,2.0,0.02,0.0,0.0,0,0,53.045792325983335,10.21406143793568,1044.3433096594213,0.058034682080924854,0.32208092485549134,23.0,0.0,0.0,0.5581502890173411,23.0,0.0,1.4782059399945673
Apr_2023,20230416,4329,3741.0,2762,28590.0,1,3587,36840.0,48.48417648417649,3.1572747792507254,42.0,55.0,13.0,0.0826980826980827,1.0,43.004043126684635,0.12177206323513873,0.018867924528301886,3.0,43.0,0.0,0.0,0.0,0.0,0.0,0,0,69.41359454782845,2.6424927612844473,756.3904120852607,0.019866019866019866,0.2457842457842458,23.0,0.0,0.0,0.45507045507045507,23.0,0.0,1.3466331640717881
Apr_2023,20230417,4536,3292.0,1934,20170.0,1,3898,39810.0,45.929232804232804,2.0465521456121643,42.0,50.0,8.0,0.03725749559082892,1.0,47.48275862068966,0.6739260831177368,0.025078369905956112,3.0,48.0,0.0,0.0,0.0,0.0,0.0,0,0,50.0249010694999,1.3885532208954274,1118.7629736398628,-0.017195767195767195,0.07716049382716049,9.0,0.0,0.0,0.14682539682539683,9.0,0.0,0.5664243692473748
Apr_2023,20230418,4549,3741.0,2133,22220.0,1,3713,38020.0,35.191030995823255,8.8235038579259,21.0,50.0,29.0,0.1182677511540998,1.0,22.95693779904306,0.32546560064659946,0.045454545454545456,4.0,22.995,0.07071067811865475,1.0,0.01,0.0,0.0,0,0,56.46781997492086,4.283060895643326,1029.7102794727448,0.11101340954055837,0.42624752692899537,46.0,0.0,0.0,0.7421411299186634,46.0,0.0,2.1360141147556835
Apr_2023,20230419,4658,3741.0,1664,17200.0,1,3465,35210.0,41.870330613997425,6.230448132854794,32.0,50.0,18.0,0.040790038643194505,2.0,33.07376362112322,0.30310031306953417,0.018440905280804692,3.0,33.0,0.0,0.0,0.0,0.0,0.0,0,0,61.66972437600701,4.246095441720478,738.3871630717003,0.17969085444396737,0.2805925289823959,70.0,0.0,0.0,0.536711034778875,70.0,0.0,2.885484005132196
Apr_2023,20230420,4375,3741.0,2422,26270.0,1,3759,39640.0,39.77348571428571,15.139184497758425,13.0,55.0,42.0,0.08845714285714286,4.0,14.24025974025974,0.438848379175511,0.022727272727272728,3.0,14.0,0.0,0.0,0.0,0.0,0.0,0,0,56.767360454820086,13.967775504699071,919.1929043232624,0.4877714285714286,0.6770285714285714,100.0,0.13714285714285715,0.0009142857142857143,1.2310857142857143,100.0,0.2285714285714286,5.7018323323221445
Apr_2023,20230421,4637,3142.0,2064,21740.0,1,4036,41460.0,55.996549493206814,5.212191704298482,48.0,64.0,16.0,0.05024800517576019,2.0,50.08485856905158,0.37565989267414346,0.06655574043261231,4.0,50.0,0.1002509414234171,2.0,0.02,0.0,0.0,0,0,54.28246194575911,4.7588402215202805,1178.6239259065978,0.08712529652792754,0.18460211343541083,56.0,0.0,0.0,0.34850118611171016,56.0,0.0,1.9289572007745628
Apr_2023,20230422,4649,3741.0,2122,22190.0,1,3455,35520.0,21.90363519036352,21.45317133578582,0.0,52.0,52.0,0.12131641213164121,4.0,1.416247906197655,0.5891764683264634,0.05025125628140704,3.0,1.0,0.0,0.0,0.0,1.4196601419660142,1.256281407035176,0,0,38.94735536727582,4.129669363500332,1280.411692506222,0.9873090987309099,1.3207141320714133,100.0,0.4086900408690041,0.00043020004302000433,2.3725532372553237,100.0,0.7743600774360078,8.637303706867861
Apr_2023,20230423,4457,3815.0,2616,27400.0,1,2768,28920.0,32.38344177698003,12.599190810013642,17.0,50.0,33.0,0.06641238501234013,2.0,18.986382474837182,0.29679049063690893,0.046181172291296625,4.0,19.0,0.1002509414234171,2.0,0.02,0.0,0.0,0,0,57.37327928326686,1.2989800416556085,694.5816825123726,0.04599506394435719,0.20394884451424725,70.0,0.0,0.0,0.39353825443123175,78.0,0.0,1.894052541904221
Apr_2023,20230424,4605,3815.0,1941,20470.0,1,3878,39840.0,30.672312703583064,10.34477879306856,18.0,51.0,33.0,0.13593919652551575,3.0,19.009628610729024,0.15271915438784292,0.024759284731774415,3.0,19.0,0.0,0.0,0.0,0.0,0.0,0,0,67.68288277667648,4.408991730290907,1013.6707870200693,0.38675352877307273,0.9357220412595005,84.0,0.0,0.0,1.6959826275787189,93.0,0.0,4.531935472115331
Apr_2023,20230425,4727,3741.0,2664,27300.0,1,3885,39510.0,48.7679289189761,7.523674273340943,36.0,61.0,25.0,0.1658557224455257,1.0,37.02137767220903,0.25249104221225094,0.057007125890736345,3.0,37.0,0.0,0.0,0.0,0.0,0.0,0,0,62.13116733016454,4.936649799517758,1104.0332814166989,0.1641633171144489,0.6460757351385656,42.0,0.0,0.0,1.1939919610746774,60.0,0.0,2.5777328949845617
Apr_2023,20230426,4354,3741.0,1719,18160.0,1,3662,37590.0,39.77009646302251,6.679923642276187,30.0,52.0,22.0,0.07096922370234267,2.0,31.582369942196532,0.5490485301091765,0.08092485549132948,4.0,32.0,0.0,0.0,0.0,0.0,0.0,0,0,49.26172959179858,2.0559241796627665,811.2156852230415,0.2223242994947175,0.3954983922829582,74.0,0.0,0.0,0.6936150666054203,74.0,0.0,3.0483865635102956
Apr_2023,20230427,4580,3815.0,1414,15350.0,1,2758,28790.0,11.17991266375546,17.98738821942576,0.0,50.0,50.0,0.13275109170305677,4.0,1.0779363336992316,0.39137673656683425,0.0845225027442371,3.0,1.0,0.0,0.0,0.0,4.25764192139738,3.5675082327113063,0,0,28.0926230754483,0.48351938963261104,1228.9756441537932,2.205021834061135,2.453056768558952,100.0,0.6986899563318777,0.0,4.074235807860262,100.0,1.1572052401746726,12.477723388410448
Apr_2023,20230428,4661,3815.0,1809,19250.0,1,3075,31910.0,26.575413001501822,23.096600377498156,0.0,55.0,55.0,0.10469856254022741,4.0,1.235813366960908,0.5626692809459792,0.07061790668348046,3.0,1.0,0.0,0.0,0.0,2.488736322677537,6.305170239596469,0,0,19.662310407194923,15.050752824424668,1265.2389855145968,1.129585925767003,1.3042265608238575,100.0,0.4934563398412358,0.0,2.1969534434670672,100.0,0.7938210684402489,9.352406758437562
Apr_2023,20230429,4481,3516.0,1982,20960.0,1,3946,40600.0,44.08435617049766,8.898737287124344,34.0,63.0,29.0,0.04931934835974113,1.0,61.98317757009346,0.2068517269667833,0.048598130841121495,3.0,61.995,0.07071067811865477,1.0,0.01,0.0,0.0,0,0,64.2900827037459,10.878552617822843,1141.8978294277001,-0.003347467083240348,0.09216692702521759,9.0,0.0,0.0,0.15933943316224058,18.0,0.0,0.6240948908967563
Apr_2023,20230430,4715,3815.0,2641,27420.0,1,3249,33500.0,43.83499469777306,8.113032956264972,31.0,55.0,24.0,0.07444326617179216,4.0,33.59618008185539,0.5321978438727387,0.061391541609822645,3.0,34.0,0.0,0.0,0.0,0.0,0.0,0,0,52.80975947935833,4.607565576689011,1187.560512642949,0.2014846235418876,0.38642629904559916,100.0,0.021208907741251323,0.0,0.7219512195121951,100.0,0.04241781548250265,3.4632420748322206
May_2023,20230501,4586,3863.0,2982,30830.0,1,3901,40020.0,34.22219799389446,12.387901547173728,0.0,51.0,51.0,0.11447884866986481,4.0,31.727007299270074,0.5297444558871135,0.04671532846715328,4.0,32.0,0.0,0.0,0.0,0.6105538595726123,0.0,0,0,50.59551466293619,4.819762176260894,951.4027081701955,0.35564762320104665,0.6556912341910162,100.0,0.08722197993894462,-0.009594417793283908,1.2001744439598778,100.0,0.2180549498473615,5.731531650605691
May_2023,20230502,4687,3617.0,2018,21340.0,1,4312,44280.0,74.0571794324728,10.850147913970376,49.0,85.0,36.0,0.05611265201621506,1.0,83.98133333333334,0.18549927809748498,0.016,3.0,84.0,0.0,0.0,0.0,0.0,0.0,0,0,66.60009862056523,2.129282327921684,1251.601776909063,-0.009387668017921912,0.10966503093663324,10.0,0.0,0.0,0.20439513548111798,15.0,0.0,0.7379176406098528
May_2023,20230503,1212,82.0,0,0.0,1,0,0.0,49.0,0.0,49.0,49.0,0.0,0.0,0.0,49.0,0.0,0.0,0.0,49.0,0.0,0.0,0.0,0.0,0.0,0,0,100.0,0.0,0.0,0.0,0.0,0.0,0.0,0.0,0.0,0.0,0.0,0.0
May_2023,20230504,1904,82.0,0,0.0,1,0,0.0,49.0,0.0,49.0,49.0,0.0,0.0,0.0,49.0,0.0,0.0,0.0,49.0,0.0,0.0,0.0,0.0,0.0,0,0,100.0,0.0,0.0,0.0,0.0,0.0,0.0,0.0,0.0,0.0,0.0,0.0
May_2023,20230505,1639,82.0,0,0.0,1,0,0.0,49.0,0.0,49.0,49.0,0.0,0.0,0.0,49.0,0.0,0.0,0.0,49.0,0.0,0.0,0.0,0.0,0.0,0,0,100.0,0.0,0.0,0.0,0.0,0.0,0.0,0.0,0.0,0.0,0.0,0.0
May_2023,20230506,1033,82.0,0,0.0,1,0,0.0,49.0,0.0,49.0,49.0,0.0,0.0,0.0,49.0,0.0,0.0,0.0,49.0,0.0,0.0,0.0,0.0,0.0,0,0,100.0,0.0,0.0,0.0,0.0,0.0,0.0,0.0,0.0,0.0,0.0,0.0
May_2023,20230507,223,82.0,0,0.0,1,0,0.0,49.0,0.0,49.0,49.0,0.0,0.0,0.0,49.0,0.0,0.0,0.0,49.0,0.0,0.0,0.0,0.0,0.0,0,0,100.0,0.0,0.0,0.0,0.0,0.0,0.0,0.0,0.0,0.0,0.0,0.0
May_2023,20230509,359,82.0,0,0.0,1,0,0.0,49.0,0.0,49.0,49.0,0.0,0.0,0.0,49.0,0.0,0.0,0.0,49.0,0.0,0.0,0.0,0.0,0.0,0,0,100.0,0.0,0.0,0.0,0.0,0.0,0.0,0.0,0.0,0.0,0.0,0.0
May_2023,20230510,1177,82.0,0,0.0,1,0,0.0,49.0,0.0,49.0,49.0,0.0,0.0,0.0,49.0,0.0,0.0,0.0,49.0,0.0,0.0,0.0,0.0,0.0,0,0,100.0,0.0,0.0,0.0,0.0,0.0,0.0,0.0,0.0,0.0,0.0,0.0
May_2023,20230511,910,82.0,0,0.0,1,0,0.0,49.0,0.0,49.0,49.0,0.0,0.0,0.0,49.0,0.0,0.0,0.0,49.0,0.0,0.0,0.0,0.0,0.0,0,0,100.0,0.0,0.0,0.0,0.0,0.0,0.0,0.0,0.0,0.0,0.0,0.0
May_2023,20230512,71,82.0,0,0.0,1,0,0.0,49.0,0.0,49.0,49.0,0.0,0.0,0.0,49.0,0.0,0.0,0.0,49.0,0.0,0.0,0.0,0.0,0.0,0,0,100.0,0.0,0.0,0.0,0.0,0.0,0.0,0.0,0.0,0.0,0.0,0.0
May_2023,20230514,95,82.0,0,0.0,1,0,0.0,49.0,0.0,49.0,49.0,0.0,0.0,0.0,49.0,0.0,0.0,0.0,49.0,0.0,0.0,0.0,0.0,0.0,0,0,100.0,0.0,0.0,0.0,0.0,0.0,0.0,0.0,0.0,0.0,0.0,0.0
May_2023,20230515,478,82.0,0,0.0,1,0,0.0,49.0,0.0,49.0,49.0,0.0,0.0,0.0,49.0,0.0,0.0,0.0,49.0,0.0,0.0,0.0,0.0,0.0,0,0,100.0,0.0,0.0,0.0,0.0,0.0,0.0,0.0,0.0,0.0,0.0,0.0
May_2023,20230516,1682,82.0,0,0.0,1,0,0.0,49.0,0.0,49.0,49.0,0.0,0.0,0.0,49.0,0.0,0.0,0.0,49.0,0.0,0.0,0.0,0.0,0.0,0,0,100.0,0.0,0.0,0.0,0.0,0.0,0.0,0.0,0.0,0.0,0.0,0.0
May_2023,20230517,1832,164.0,788,24120.0,1,0,0.0,49.0,0.0,49.0,49.0,0.0,0.0,0.0,49.0,0.0,0.0,0.0,49.0,0.0,0.0,0.0,0.0,0.0,0,0,100.0,0.0,2.5378362884197077,0.0,0.0,0.0,0.0,0.0,0.0,0.0,0.0,0.0
May_2023,20230518,2145,164.0,1008,21350.0,1,0,0.0,48.9995337995338,0.021591675854376526,48.0,49.0,1.0,0.0009324009324009324,1.0,48.9995337995338,0.021591675854376526,0.0009324009324009324,1.0,49.0,0.0,0.0,0.0,0.0,0.0,0,0,89.08494888256631,0.029656491293029663,16.82070632831535,0.002331002331002331,0.002331002331002331,5.0,0.0,0.0,0.004662004662004662,5.0,0.0,0.10795837927188265
May_2023,20230519,2056,164.0,903,20300.0,1,0,0.0,48.49805447470817,0.7441555634591259,46.0,50.0,4.0,0.00632295719844358,1.0,48.49805447470817,0.7441555634591259,0.00632295719844358,4.0,48.0,0.0,0.0,0.0,0.0,0.0,0,0,46.50127822221734,0.7972945906964749,16.548381938477515,0.0048638132295719845,0.019455252918287938,5.0,0.0,0.0,0.024319066147859923,5.0,0.0,0.3113597756918279
May_2023,20230520,2237,164.0,1503,31940.0,1,0,0.0,49.00044702726866,0.047285685300271794,48.0,50.0,2.0,0.004470272686633884,1.0,49.00044702726866,0.047285685300271794,0.004470272686633884,2.0,49.0,0.0,0.0,0.0,0.0,0.0,0,0,79.88777633686811,0.082579802258401,19.47891303763993,-0.002235136343316942,0.011175681716584712,5.0,0.0,0.0,0.022351363433169423,5.0,0.0,0.23617461169227913
May_2023,20230521,1976,164.0,1330,28970.0,1,0,0.0,48.693825910931174,0.4632109594653283,47.0,50.0,3.0,0.0025303643724696357,1.0,48.693825910931174,0.4632109594653283,0.0025303643724696357,3.0,48.0,0.0,0.0,0.0,0.0,0.0,0,0,56.633436987617365,0.2563846214877306,7.191703152608993,0.0025303643724696357,0.0075910931174089065,5.0,0.0,0.0,0.010121457489878543,5.0,0.0,0.19472295620323246
May_2023,20230522,1624,82.0,0,0.0,1,0,0.0,49.0,0.0,49.0,49.0,0.0,0.0,0.0,49.0,0.0,0.0,0.0,49.0,0.0,0.0,0.0,0.0,0.0,0,0,100.0,0.0,0.0,0.0,0.0,0.0,0.0,0.0,0.0,0.0,0.0,0.0
May_2023,20230523,167,82.0,0,0.0,1,0,0.0,49.0,0.0,49.0,49.0,0.0,0.0,0.0,49.0,0.0,0.0,0.0,49.0,0.0,0.0,0.0,0.0,0.0,0,0,100.0,0.0,0.0,0.0,0.0,0.0,0.0,0.0,0.0,0.0,0.0,0.0
May_2023,20230524,178,82.0,0,0.0,1,0,0.0,49.0,0.0,49.0,49.0,0.0,0.0,0.0,49.0,0.0,0.0,0.0,49.0,0.0,0.0,0.0,0.0,0.0,0,0,100.0,0.0,0.0,0.0,0.0,0.0,0.0,0.0,0.0,0.0,0.0,0.0
May_2023,20230525,247,82.0,0,0.0,1,0,0.0,49.0,0.0,49.0,49.0,0.0,0.0,0.0,49.0,0.0,0.0,0.0,49.0,0.0,0.0,0.0,0.0,0.0,0,0,100.0,0.0,0.0,0.0,0.0,0.0,0.0,0.0,0.0,0.0,0.0,0.0
May_2023,20230526,424,82.0,0,0.0,1,0,0.0,49.0,0.0,49.0,49.0,0.0,0.0,0.0,49.0,0.0,0.0,0.0,49.0,0.0,0.0,0.0,0.0,0.0,0,0,100.0,0.0,0.0,0.0,0.0,0.0,0.0,0.0,0.0,0.0,0.0,0.0
May_2023,20230527,2055,164.0,1118,29820.0,1,0,0.0,49.22238442822385,0.4910941603639521,48.0,51.0,3.0,0.010218978102189781,1.0,49.22238442822385,0.4910941603639521,0.010218978102189781,3.0,50.0,0.0,0.0,0.0,0.0,0.0,0,0,55.5150561357434,0.6322095783174059,30.084245793268362,0.0,0.026277372262773723,5.0,0.0,0.0,0.040875912408759124,5.0,0.0,0.3520568453326459
May_2023,20230528,2881,164.0,1171,23980.0,1,0,0.0,48.40610898993405,0.5030643879215139,47.0,49.0,2.0,0.021867407150295035,1.0,48.40610898993405,0.5030643879215139,0.021867407150295035,2.0,48.0,0.0,0.0,0.0,0.0,0.0,0,0,57.97330670447582,0.13895753148243686,39.4597569445571,0.006942034015966678,0.055536272127733426,5.0,0.0,0.0,0.10760152724748351,5.0,0.0,0.5241110849106676
May_2023,20230529,2383,164.0,1745,55960.0,1,0,0.0,49.0,0.0,49.0,49.0,0.0,0.0,0.0,49.0,0.0,0.0,0.0,49.0,0.0,0.0,0.0,0.0,0.0,0,0,100.0,0.0,3.2464110881060737,0.0,0.0,0.0,0.0,0.0,0.0,0.0,0.0,0.0
May_2023,20230530,2193,164.0,1246,33760.0,1,0,0.0,49.0,0.04271788288583805,48.0,50.0,2.0,0.00364797081623347,1.0,49.0,0.04271788288583805,0.00364797081623347,2.0,49.0,0.0,0.0,0.0,0.0,0.0,0,0,80.23326353411457,0.06502560887623551,18.519633488694307,0.0,0.009119927040583675,5.0,0.0,0.0,0.01823985408116735,5.0,0.0,0.21339453353603122
May_2023,20230531,3152,164.0,1103,20190.0,1,0,0.0,48.59486040609137,0.6544617122796026,47.0,50.0,3.0,0.01300761421319797,1.0,48.59486040609137,0.6544617122796026,0.01300761421319797,3.0,48.0,0.0,0.0,0.0,0.0,0.0,0,0,50.82671361299412,0.7231975883952212,36.75356000438561,0.01364213197969543,0.03394670050761421,5.0,0.0,0.0,0.061548223350253804,5.0,0.0,0.4083264227124457
Jun_2023,20230601,3108,2517.0,1181,21380.0,1,2297,38870.0,49.063384813384815,1.7052252372270225,45.0,53.0,8.0,0.01705276705276705,2.0,51.44266337854501,0.7454254291991383,0.008631319358816275,3.0,52.0,0.0,0.0,0.0,0.0,0.0,0,0,48.684146662551925,2.1649118708394792,609.3937807345617,-0.08783783783783784,0.4391891891891892,78.0,0.0,0.0,0.8783783783783784,78.0,0.0,5.795281999389525
Jun_2023,20230602,2980,3775.0,2177,37450.0,1,2069,35910.0,51.81006711409396,3.197247157776162,48.0,58.0,10.0,0.02181208053691275,2.0,56.228320526893526,0.6650698801639272,0.015367727771679473,4.0,56.0,0.0,0.0,0.0,0.0,0.0,0,0,48.066810376125055,0.49521393924187024,579.9242799402784,-0.18959731543624161,0.5560402684563759,78.0,0.0,0.0,1.1120805369127518,78.0,0.0,6.534532466849593
Jun_2023,20230603,3424,3775.0,1397,49340.0,1,2221,61710.0,56.05519859813084,5.196027816805997,49.0,64.0,15.0,0.03241822429906542,2.0,61.82793017456359,0.7073311996998092,0.020781379883624274,4.0,62.0,0.0,0.0,0.0,0.0,0.0,0,0,46.98999524713794,2.531404292254187,629.1173699104255,-0.29614485981308414,0.842873831775701,78.0,0.0,0.0,1.685747663551402,78.0,0.0,8.065526741927211
Jun_2023,20230604,3668,3775.0,2240,57210.0,1,3021,68620.0,46.791166848418754,2.654448330320051,41.0,51.0,10.0,0.03189749182115594,3.0,42.041731066460585,0.22898774828165452,0.012364760432766615,3.0,42.0,0.0,0.0,0.0,0.0,0.0,0,0,64.87808559990336,2.7279032589232965,721.311607192269,0.13822246455834242,0.8399672846237731,78.0,0.0,0.015267175572519083,1.6221374045801527,100.0,0.02726281352235551,8.025882945429906
Jun_2023,20230605,3556,2517.0,1167,40900.0,1,2562,62050.0,49.381889763779526,1.905015491465885,45.0,53.0,8.0,0.020528683914510685,2.0,51.90744466800805,0.3720941924745039,0.012072434607645875,3.0,52.0,0.0,0.0,0.0,0.0,0.0,0,0,59.376547659807194,2.301414272437236,583.7775254623783,-0.06580427446569179,0.5264341957255343,78.0,0.0,0.0,1.0528683914510686,78.0,0.0,6.319850520442069
Jun_2023,20230606,3439,3775.0,2167,57570.0,1,2805,67040.0,48.3256760686246,0.9601184607837557,45.0,52.0,7.0,0.02268101192207037,2.0,48.84069400630915,0.451275346773352,0.00946372239747634,3.0,49.0,0.0,0.0,0.0,0.0,0.0,0,0,56.794332420358145,0.9501423901107067,585.0523381461039,0.0,0.5897063099738296,78.0,0.0,0.0,1.1794126199476591,78.0,0.0,6.757411969253789
Jun_2023,20230607,2511,2517.0,1331,28410.0,1,1960,38110.0,47.567502986857825,2.250126888297034,42.0,50.0,8.0,0.015133412982875348,2.0,43.64246823956443,0.9366926760917832,0.009074410163339383,3.0,43.0,0.0,0.0,0.0,0.0,0.0,0,0,44.52821515286908,2.4185189199274557,419.5580572790645,0.1863799283154122,0.4348864994026284,78.0,0.0,0.0,0.7455197132616488,78.0,0.0,5.8090842426417355
Jun_2023,20230608,2897,2517.0,1173,26460.0,1,1963,39050.0,50.09147393855713,1.3904219775485378,48.0,55.0,7.0,0.01691404901622368,2.0,49.98715203426124,0.5669022501387371,0.020342612419700215,4.0,50.0,0.0,0.0,0.0,0.0,0.0,0,0,50.320925158290294,1.3735234829409855,457.69750602461636,-0.013462202278218847,0.47117707973765965,78.0,0.0,0.0,0.8346565412495686,78.0,0.0,6.0014340852395005
Jun_2023,20230609,2137,2517.0,1266,56020.0,1,0,0.0,49.776789892372484,0.9764379530479494,49.0,52.0,3.0,0.0028076743097800653,2.0,49.776789892372484,0.9764379530479494,0.0028076743097800653,3.0,51.0,0.0,0.0,0.0,0.0,0.0,0,0,43.8741655571047,0.43188990957370194,184.01516869882062,-0.08516612072999533,0.08516612072999533,78.0,0.0,0.0,0.09733270940570894,78.0,0.0,2.4506839760334747
Jun_2023,20230610,2511,2517.0,1058,24750.0,1,2120,41220.0,49.3863002787734,1.8308216353305267,45.0,54.0,9.0,0.026682596575069693,2.0,46.076726342711,0.29394840694466756,0.020460358056265986,3.0,46.0,0.0,0.0,0.0,0.0,0.0,0,0,61.94218104356128,2.3677765634936154,586.8372963773227,0.0931899641577061,0.7144563918757467,78.0,0.0,0.0,1.3667861409796893,78.0,0.0,7.432304453883004
Jun_2023,20230611,3314,2517.0,1051,39530.0,1,0,0.0,49.00301750150875,0.06493588512876552,48.0,51.0,3.0,0.0018105009052504525,2.0,49.00301750150875,0.06493588512876552,0.0018105009052504525,3.0,49.0,0.0,0.0,0.0,0.0,0.0,0,0,73.16646381643417,0.07854729569879601,150.9546704195155,0.0,0.04707302353651177,78.0,0.0,0.0,0.09414604707302354,78.0,0.0,1.9158777535780007
Jun_2023,20230612,2997,2517.0,1357,46210.0,1,2480,63940.0,49.80146813480147,1.761939391871865,46.0,55.0,9.0,0.02769436102769436,2.0,48.12379110251451,0.3839749503272588,0.013539651837524178,3.0,48.0,0.0,0.0,0.0,0.0,0.0,0,0,58.909655252728534,2.1686023959526155,588.9979096650895,0.026026026026026026,0.7547547547547547,78.0,0.0,0.0,1.4054054054054055,78.0,0.0,7.636797484286388
Jun_2023,20230613,2108,1258.0,0,0.0,1,0,0.0,49.0,0.0,49.0,49.0,0.0,0.0,0.0,49.0,0.0,0.0,0.0,49.0,0.0,0.0,0.0,0.0,0.0,0,0,100.0,0.0,0.0,0.0,0.0,0.0,0.0,0.0,0.0,0.0,0.0,0.0
Jun_2023,20230614,2979,2517.0,1055,20110.0,1,1975,33780.0,50.30681436723733,1.3780846915825986,47.0,54.0,7.0,0.026183282980866064,2.0,51.35557768924303,0.7747631837970472,0.02390438247011952,4.0,51.0,0.0,0.0,0.0,0.0,0.0,0,0,45.48209176059165,1.2207998676258833,563.9123198645252,-0.05236656596173213,0.6807653575025177,78.0,0.0,0.0,1.3615307150050353,78.0,0.0,7.256302877426904
Jun_2023,20230615,2733,2517.0,1273,25150.0,1,1898,35150.0,49.36443468715697,1.2162008886723805,46.0,53.0,7.0,0.019758507135016465,2.0,50.90179640718563,0.6403192636954619,0.015568862275449102,4.0,51.0,0.0,0.0,0.0,0.0,0.0,0,0,48.64077900774593,1.597748798883189,493.803214946497,-0.0570801317233809,0.5137211855104281,78.0,0.0,0.0,1.0274423710208562,78.0,0.0,6.3103814002886995
Jun_2023,20230616,3247,2517.0,1300,44010.0,1,2411,61450.0,49.67292885740684,1.5195025500334787,46.0,55.0,9.0,0.020326455189405606,2.0,50.89832535885167,0.44095385925387814,0.005980861244019139,3.0,51.0,0.0,0.0,0.0,0.0,0.0,0,0,57.24312352753445,1.8294309479318849,424.14726776486873,-0.028641823221435173,0.581151832460733,78.0,0.0,0.0,0.9461040960886973,78.0,0.0,6.616470758838986
Jun_2023,20230617,2693,1258.0,0,0.0,1,0,0.0,49.0,0.0,49.0,49.0,0.0,0.0,0.0,49.0,0.0,0.0,0.0,49.0,0.0,0.0,0.0,0.0,0.0,0,0,100.0,0.0,0.0,0.0,0.0,0.0,0.0,0.0,0.0,0.0,0.0,0.0
Jun_2023,20230618,2451,1258.0,0,0.0,1,0,0.0,49.0,0.0,49.0,49.0,0.0,0.0,0.0,49.0,0.0,0.0,0.0,49.0,0.0,0.0,0.0,0.0,0.0,0,0,100.0,0.0,0.0,0.0,0.0,0.0,0.0,0.0,0.0,0.0,0.0,0.0
Jun_2023,20230619,2657,2517.0,1505,29740.0,1,1912,36130.0,50.97290176891231,2.48686677834854,49.0,56.0,7.0,0.01279638690252164,2.0,54.638926174496646,0.5932767819260897,0.01476510067114094,3.0,55.0,0.0,0.0,0.0,0.0,0.0,0,0,52.409751018609605,1.5914300955463054,469.4053764836569,-0.17613850207000376,0.3522770041400075,78.0,0.0,0.0,0.6458411742566804,78.0,0.0,5.231042534287881
Jun_2023,20230620,3223,2517.0,1189,21730.0,1,2623,43600.0,54.49922432516289,4.560842840748324,49.0,61.0,12.0,0.030096183679801426,2.0,59.85333333333333,0.44962112288659056,0.011666666666666667,3.0,60.0,0.0,0.0,0.0,0.0,0.0,0,0,56.77663843077261,2.222882056423073,605.6736359548844,-0.2541110766366739,0.7865342848278002,78.0,0.0,0.0,1.548867514737822,78.0,0.0,7.763879176011341
Jun_2023,20230621,3482,2517.0,1108,41100.0,1,2397,60950.0,45.828259620907524,2.5753398881675986,41.0,49.0,8.0,0.020390580126364157,2.0,43.96589861751152,0.6057369096680911,0.016589861751152075,4.0,44.0,0.0,0.0,0.0,0.0,0.0,0,0,49.44799298177775,1.6851405418270573,605.4210869106,0.12320505456634118,0.5264215967834578,78.0,0.0,0.0,1.0528431935669156,78.0,0.0,6.3528369686655815
Jun_2023,20230622,3347,2517.0,1052,42130.0,1,2666,66540.0,51.04660890349567,2.789953424502818,47.0,57.0,10.0,0.030773827308037047,2.0,55.8942731277533,0.3685976309294736,0.00881057268722467,3.0,56.0,0.0,0.0,0.0,0.0,0.0,0,0,59.61578093178971,2.9243935601065543,614.080781041659,-0.16313116223483717,0.7923513594263519,78.0,0.0,0.0,1.5847027188527039,78.0,0.0,7.764323750969103
Jun_2023,20230623,3124,2517.0,1253,24410.0,1,2405,42020.0,49.1145966709347,0.9199420814241258,45.0,52.0,7.0,0.031049935979513443,2.0,49.869262865090406,0.3800577388301738,0.02086230876216968,3.0,50.0,0.0,0.0,0.0,0.0,0.0,0,0,58.79171107516209,1.182650818583792,607.7823169933142,-0.020806658130601792,0.7948143405889885,78.0,0.0,0.0,1.589628681177977,78.0,0.0,7.775827219689873
Jun_2023,20230624,3300,2517.0,1220,42610.0,1,2690,65170.0,50.22181818181818,2.079769402403696,46.0,56.0,10.0,0.02303030303030303,2.0,53.32622950819672,0.6092881629131621,0.009836065573770493,3.0,53.0,0.0,0.0,0.0,0.0,0.0,0,0,52.107100997230155,2.3396249002446257,609.1854686167866,-0.09454545454545454,0.6145454545454545,78.0,0.0,0.0,1.1818181818181819,78.0,0.0,6.897194711094276
Jun_2023,20230625,3293,2517.0,1203,43700.0,1,2799,67920.0,49.51138779228667,1.427769096276096,46.0,55.0,9.0,0.0315821439416945,2.0,50.79959514170041,0.575285305403559,0.012145748987854251,3.0,51.0,0.0,0.0,0.0,0.0,0.0,0,0,52.982067751473004,1.7248682455671929,601.4944250065151,-0.059216519890677194,0.8171879744913453,78.0,0.0,0.0,1.6343759489826906,78.0,0.0,7.913911554966421
Jun_2023,20230626,3780,3775.0,1643,49370.0,1,2761,65810.0,55.182539682539684,4.725210312263056,49.0,62.0,13.0,0.024603174603174603,2.0,59.803729146221784,0.5417227025772327,0.017664376840039256,3.0,60.0,0.0,0.0,0.0,0.0,0.0,0,0,53.78116321607429,1.634110566733982,608.7223237114845,-0.22698412698412698,0.6396825396825396,78.0,0.0,0.0,1.2793650793650793,78.0,0.0,7.035562476026671
Jun_2023,20230627,3351,2517.0,1568,49090.0,1,2509,63820.0,48.82303789913459,0.7656938077455917,44.0,51.0,7.0,0.021486123545210387,2.0,48.96437054631829,0.26471243093855484,0.00831353919239905,3.0,49.0,0.0,0.0,0.0,0.0,0.0,0,0,63.571741280072466,1.0248803769967574,514.2325273539116,0.0,0.55863921217547,78.0,0.0,0.0,1.11727842435094,78.0,0.0,6.578350457730165
Jun_2023,20230628,3401,2517.0,1256,42500.0,1,2730,65740.0,43.88268156424581,5.251839732113323,35.0,49.0,14.0,0.024404586886209938,2.0,36.153502235469446,0.4073746849648602,0.022354694485842028,3.0,36.0,0.0,0.0,0.0,0.0,0.0,0,0,57.81251170732631,4.406377051150411,608.8293927856934,0.3096148191708321,0.6306968538665099,78.0,0.0,0.0,1.2613937077330197,78.0,0.0,6.954392502086391
Jun_2023,20230629,3721,3775.0,1708,49490.0,1,2824,65680.0,53.06745498521903,3.8001156178898885,49.0,61.0,12.0,0.02848696586938995,2.0,58.94091415830546,0.35960737889166905,0.016722408026755852,4.0,59.0,0.0,0.0,0.0,0.0,0.0,0,0,56.2958526825584,3.291473756270471,790.1132351554754,-0.18865896264445042,0.7336737436173072,78.0,0.0,0.0,1.4673474872346144,78.0,0.0,7.475678677428011
Jun_2023,20230630,4256,3775.0,1672,44110.0,1,3538,71760.0,53.20747180451128,2.992894146032831,47.0,60.0,13.0,0.03571428571428571,2.0,54.93314763231198,0.35974399380014516,0.008356545961002786,3.0,55.0,0.0,0.0,0.0,0.0,0.0,0,0,59.94842493985333,1.1771759307318284,703.2110409878956,-0.11607142857142858,0.9224624060150376,78.0,0.0,0.0,1.8449248120300752,78.0,0.0,8.414279349228844
Jul_2023,20230701,4824,3225.0,2052,42250.0,1,3926,60990.0,43.76326699834163,6.12844834380247,31.0,50.0,19.0,0.04498341625207297,3.0,32.060133630289535,0.26449671179644535,0.017817371937639197,3.0,32.0,0.0,0.0,0.0,0.0,0.0,0,0,63.1985779738566,6.640914814063373,1215.3724421706181,0.0980514096185738,0.23196517412935325,96.0,0.0,0.0,0.42412935323383083,96.0,0.0,3.011534635446061
Jul_2023,20230702,5128,3763.0,2312,41190.0,1,4449,62560.0,49.87753510140406,2.8684536835643013,44.0,56.0,12.0,0.07878315132605304,4.0,46.985272459499264,0.2026837801647607,0.023564064801178203,3.0,47.0,0.0,0.0,0.0,0.0,0.0,0,0,65.52015803320049,1.485693759778354,1185.0817423044298,0.09243369734789392,0.2796411856474259,100.0,0.01950078003120125,0.0,0.5066302652106084,100.0,0.0390015600624025,2.65105366512227
Jul_2023,20230703,4921,3071.0,2090,21860.0,1,4602,47510.0,47.80451127819549,5.843938208996908,33.0,56.0,23.0,0.04877057508636456,1.0,33.01880877742947,0.15748761891461088,0.012539184952978056,2.0,33.0,0.0,0.0,0.0,0.0,0.0,0,0,72.99127266539587,7.2335912898798735,1053.3653817071763,0.021743548059337533,0.11074984759195286,19.0,0.0,0.0,0.20036577931314772,19.0,0.0,0.7804315739892554
Jul_2023,20230704,5147,3148.0,2123,22060.0,1,4404,44870.0,53.55721779677482,5.02496486867061,47.0,66.0,19.0,0.04624052846318244,1.0,64.6850605652759,0.7252698840312473,0.005383580080753701,3.0,65.0,0.0,0.0,0.0,0.0,0.0,0,0,49.245231531284304,5.969991601682588,1170.1639494748015,0.011268700213716728,0.1328929473479697,38.0,0.0,0.0,0.2564600738294152,38.0,0.0,1.1116369606224499
Jul_2023,20230705,5071,3609.0,3331,50720.0,1,4054,57950.0,57.673042792348646,3.8107060062691525,48.0,64.0,16.0,0.06921711693945967,2.0,59.65290068829892,0.5043842653916977,0.03736479842674533,3.0,60.0,0.0,0.0,0.0,0.0,0.0,0,0,54.296213292310846,1.38841216021198,852.3307291425863,0.0688227174127391,0.2857424571090515,57.0,0.0,0.0,0.5304673634391639,71.0,0.0,2.122526832286678
Jul_2023,20230706,5021,3302.0,3549,53420.0,1,4436,62610.0,45.5875323640709,7.068768348259318,30.0,53.0,23.0,0.045807608046205935,4.0,31.00854700854701,0.16003673035840824,0.020512820512820513,3.0,31.0,0.0,0.0,0.0,0.0,0.0,0,0,67.54248781552434,4.351769854440649,654.9600094808342,0.15435172276438958,0.24118701453893646,100.0,0.03983270264887472,0.0,0.4373630750846445,100.0,0.07966540529774944,3.207962035839129
Jul_2023,20230707,5373,3148.0,2375,42090.0,1,4445,62790.0,47.86208821887214,1.462283794672693,45.0,51.0,6.0,0.02996463800483901,1.0,50.025862068965516,0.27357419008549744,0.010775862068965518,3.0,50.0,0.0,0.0,0.0,0.0,0.0,0,0,63.11736466572899,1.5211286234365526,1123.9880459654132,-0.0011166945840312675,0.06141820212171971,4.0,0.0,0.0,0.10645821701098084,8.0,0.0,0.49112222632971364
Jul_2023,20230708,5172,3609.0,2681,45390.0,1,4505,63630.0,17.97080433101315,17.241112618138903,0.0,49.0,49.0,0.07405259087393658,4.0,2.0089955022488755,0.1092289863141251,0.01199400299850075,2.0,2.0,0.0,0.0,0.0,0.9667440061871616,0.0,0,0,75.68745080043271,0.9935280420622222,1168.841314873883,0.32076566125290024,0.49168600154679043,100.0,0.13534416086620263,0.0,0.9040989945862336,100.0,0.251353441608662,5.353029973494583
Jul_2023,20230709,5076,3225.0,2429,43230.0,1,4239,61330.0,39.75985027580772,5.5831953611379594,30.0,50.0,20.0,0.08293932230102442,1.0,32.038231780167266,0.21536822544071518,0.016726403823178016,3.0,32.0,0.0,0.0,0.0,0.0,0.0,0,0,65.27011980196404,3.364623507294852,996.6229878363447,0.006895193065405832,0.1983845547675335,19.0,0.0,0.0,0.37785657998423955,28.0,0.0,1.0352626808660252
Jul_2023,20230710,4656,3225.0,1390,32580.0,1,3873,57410.0,53.60352233676976,5.347838581502639,40.0,62.0,22.0,0.05197594501718213,2.0,61.0970625798212,0.35871189690197586,0.010217113665389528,3.0,61.0,0.0,0.0,0.0,0.0,0.0,0,0,59.91866602283114,2.834125920867059,1188.1126391316016,0.027920962199312716,0.17439862542955326,57.0,0.0,0.0,0.32130584192439865,71.0,0.0,1.6685881858870661
Jul_2023,20230711,4967,3532.0,3373,52210.0,1,4231,60790.0,50.10549627541776,2.73632211363378,41.0,55.0,14.0,0.05435876786792833,3.0,51.00679347826087,0.12214651962593442,0.008152173913043478,3.0,51.0,0.0,0.0,0.0,0.0,0.0,0,0,69.9154662251496,2.864784067711454,990.0113306449314,0.03180994564123213,0.20293940004026575,86.0,0.0,0.0,0.3881618683309845,86.0,0.0,2.136098134587426
Jul_2023,20230712,5003,3225.0,2538,44870.0,1,4288,62370.0,55.50689586248251,3.1154165195865327,48.0,61.0,13.0,0.044973016190285826,2.0,56.106293706293705,0.4029333589652965,0.008391608391608392,3.0,56.0,0.0,0.0,0.0,0.0,0.0,0,0,58.43425527440723,2.3872059688945497,1196.328468895635,0.10793523885668599,0.18468918648810714,67.0,0.0,0.0,0.3158105136917849,67.0,0.0,2.270728287478442
Jul_2023,20230713,5099,3839.0,2408,42350.0,1,4276,61030.0,21.00509903902726,19.729913619996605,0.0,50.0,50.0,0.08001568935085311,4.0,0.74726609963548,0.4513178172535791,0.009720534629404616,3.0,1.0,0.0,0.0,0.0,5.942341635614826,25.880923450789794,0,0,6.802026968292608,3.9828922961879645,883.9329947327047,0.4567562267111198,0.6077662286722887,100.0,0.13728181996469896,0.0007844675426554226,1.0711904294959795,100.0,0.23534026279662681,5.921374671697241
Jul_2023,20230714,4877,3225.0,2278,42780.0,1,4232,62320.0,41.6075456223088,2.7603501371446972,37.0,49.0,12.0,0.07197047365183515,1.0,42.117829457364344,0.41896975320404733,0.031007751937984496,3.0,42.0,0.0,0.0,0.0,0.0,0.0,0,0,57.14359167827348,1.9686254719428604,1114.2594619216532,0.026040598728726678,0.1654705761738774,19.0,0.0,0.0,0.31453762558950177,23.0,0.0,0.982148417372063
Jul_2023,20230715,4479,3839.0,2249,24540.0,1,3604,38090.0,45.71511498102255,5.393586391826642,37.0,56.0,19.0,0.07657959365929895,1.0,39.32457142857143,0.6847653344438268,0.02057142857142857,2.0,40.0,0.0,0.0,0.0,0.0,0.0,0,0,52.484160249837856,1.9219179081590585,1013.2502601823152,0.07166778298727394,0.2181290466622014,43.0,0.0,0.0,0.4121455682071891,43.0,0.0,1.3994422357159422
Jul_2023,20230716,4431,3302.0,2158,42550.0,1,4181,62780.0,42.961859625366735,3.4477903506064878,36.0,49.0,13.0,0.0672534416610246,2.0,39.016,0.1997588908104751,0.016,3.0,38.995,0.07071067811865477,1.0,0.01,0.0,0.0,0,0,65.97355331792254,2.0300206729568813,1191.2962587342538,0.07695779733694426,0.20288873843376212,72.0,0.0,0.0,0.3859174001354096,72.0,0.0,1.6831795012540989
Jul_2023,20230717,4894,3071.0,2149,23080.0,1,4232,43910.0,50.14711892112791,2.1207217004394705,46.0,55.0,9.0,0.032693093583980384,2.0,54.676737160120844,0.5316342973518718,0.021148036253776436,2.0,55.0,0.0,0.0,0.0,0.0,0.0,0,0,57.05214964957458,2.5652105242652476,1085.2749339218221,0.0361667347772783,0.11054352268083367,72.0,0.0,0.0,0.18062934205149161,72.0,0.0,1.789402458828845
Jul_2023,20230718,5193,3148.0,2511,43090.0,1,3812,56100.0,44.3000192566917,2.675452311099294,40.0,51.0,11.0,0.029655305218563452,1.0,42.75597393193338,0.5508644162741545,0.017378711078928313,3.0,43.0,0.0,0.0,0.0,0.0,0.0,0,0,53.52622393514675,0.6863684414537718,1116.0971249369218,0.00019256691700365877,0.05873290968611593,4.0,0.0,0.0,0.10822260735605622,5.0,0.0,0.4805713853555183
Jul_2023,20230719,5224,3225.0,2839,47270.0,1,4136,60240.0,55.545176110260336,8.04488340750779,48.0,73.0,25.0,0.044027565084226644,1.0,70.94577205882354,0.46377570423297043,0.03308823529411765,4.0,71.0,0.0,0.0,0.0,0.0,0.0,0,0,52.718594052102254,9.461774531371605,811.7619118823447,0.015505359877488514,0.11657733537519142,38.0,0.0,0.0,0.21784073506891272,47.0,0.0,1.1100643447409504
Jul_2023,20230720,5325,3071.0,1388,32810.0,1,3472,53650.0,50.37971830985916,1.3394697119441619,47.0,53.0,6.0,0.03530516431924883,1.0,49.033998920669184,0.8238015930997288,0.011872638963842417,4.0,49.0,0.0,0.0,0.0,0.0,0.0,0,0,44.729235845643764,1.421080716841308,1256.0519945521173,0.03718309859154929,0.12356807511737089,38.0,0.0,0.0,0.2339906103286385,62.0,0.0,1.280282490088669
Jul_2023,20230721,5472,3532.0,1472,33650.0,1,4228,61210.0,40.75895467836257,3.904898086522008,33.0,52.0,19.0,0.06779970760233918,2.0,38.260450160771704,0.6159675707355724,0.017684887459807074,3.0,38.0,0.0,0.0,0.0,0.0,0.0,0,0,51.715601516793264,2.178800310422728,1168.8497170069272,0.08442982456140351,0.26571637426900585,76.0,0.0,0.0,0.4923245614035088,95.0,0.0,2.217131763677015
Jul_2023,20230722,5399,3455.0,2061,36870.0,1,2135,37610.0,61.563067234673085,5.854894046154848,48.0,68.0,20.0,0.05778847934802741,1.0,64.88265931372548,0.7132686921067731,0.04595588235294118,4.0,65.0,0.0,0.0,0.0,0.0,0.0,0,0,46.31292232537794,0.7435683450993824,1254.3854038640636,0.02185589924060011,0.15521392850527876,28.0,0.0,0.0,0.29672161511391,28.0,0.0,1.08322884088848
Jul_2023,20230723,5201,3839.0,1998,38620.0,1,4323,61870.0,56.731590078831,5.210553265877598,45.0,68.0,23.0,0.07460103826187271,4.0,55.12186788154897,0.4869565932276379,0.011389521640091117,3.0,55.0,0.0,0.0,0.0,0.0,0.0,0,0,55.606648338301184,2.699454903187449,900.5371175458286,0.1865025956546818,0.42876369928859837,100.0,0.019227071716977504,0.0,0.8044606806383388,100.0,0.03845414343395501,3.659388792770076
Jul_2023,20230724,5172,3071.0,2190,41160.0,1,4488,64140.0,35.7530935808198,6.215676597462598,24.0,49.0,25.0,0.02397525135344161,1.0,26.953216374269005,0.29763077142736977,0.005847953216374269,2.0,27.0,0.0,0.0,0.0,0.0,0.0,0,0,66.51241441656944,5.260146820940946,1148.3361547300995,0.005993812838360402,0.03654292343387471,4.0,0.0,0.0,0.07153905645784996,4.0,0.0,0.3778055977749849
Jul_2023,20230725,5336,2995.0,2318,42230.0,1,4383,62880.0,54.29628935532234,3.8603204952445016,48.0,63.0,15.0,0.03691904047976012,1.0,57.99580272822665,0.12119507728144259,0.012591815320041973,3.0,58.0,0.0,0.0,0.0,0.0,0.0,0,0,69.74537186524176,3.133045291169769,1141.384168759528,-0.007308845577211395,0.06915292353823088,4.0,0.0,0.0,0.12031484257871064,4.0,0.0,0.5208821317406742
Jul_2023,20230726,5719,3379.0,2561,44740.0,1,4182,62510.0,59.94194789298828,5.471390928770361,47.0,67.0,20.0,0.0416156670746634,2.0,60.80611581001952,0.478864835679277,0.022121014964216004,4.0,61.0,0.0,0.0,0.0,0.0,0.0,0,0,52.60428422765457,1.8812337117477047,1091.406075329063,0.0340968700821822,0.12362301101591187,62.0,0.0,0.0,0.227312467214548,62.0,0.0,1.4458633768009386
Jul_2023,20230727,5291,3839.0,3099,46320.0,1,4673,62060.0,30.974862974862976,19.865481726598095,0.0,50.0,50.0,0.07786807786807787,4.0,0.9271844660194175,0.45852858347683584,0.02912621359223301,3.0,1.0,0.0,0.0,0.0,3.3264033264033266,12.62135922330097,0,0,12.348218158579504,12.729598824707486,712.769319265409,0.4912114912114912,0.6431676431676432,100.0,0.22680022680022677,0.0,1.1468531468531469,100.0,0.3591003591003591,6.231184161224615
Jul_2023,20230728,4796,3763.0,3102,49680.0,1,4197,60630.0,33.55817347789825,13.56397401017989,14.0,51.0,37.0,0.09653878231859883,4.0,14.026711185308848,0.2147278787943844,0.01335559265442404,2.0,14.0,0.0,0.0,0.0,0.0,0.0,0,0,70.02391806870277,2.5966102150484125,968.029435577483,0.37176814011676396,0.6866138448707256,100.0,0.12510425354462051,0.0,1.2318598832360301,100.0,0.2085070892410342,5.562611306593896
Jul_2023,20230729,4496,3686.0,1769,18720.0,1,4079,42220.0,39.96574733096085,13.787701675175649,16.0,58.0,42.0,0.11543594306049822,4.0,25.848920863309353,0.43710700587809664,0.009592326139088728,3.0,26.0,0.0,0.0,0.0,0.0,0.0,0,0,57.250837718312084,10.731974399410307,1303.4485991914476,0.4259341637010676,0.8445284697508897,100.0,0.1779359430604982,-0.0008896797153024911,1.51067615658363,100.0,0.3113879003558719,6.319106493356791
Jul_2023,20230730,4796,3686.0,2819,48140.0,1,4019,60140.0,25.259591326105088,11.16265007908572,6.0,49.0,43.0,0.06150959132610509,4.0,9.777348777348777,0.4254793210981437,0.018018018018018018,3.0,10.0,0.0,0.0,0.0,0.0,0.0,0,0,57.35598085322769,5.395033209100034,1107.5038902488789,0.14929107589658047,0.24645537948290241,100.0,0.020850708924103418,0.0,0.42285237698081735,100.0,0.020850708924103418,2.797536892994351
Jul_2023,20230731,4352,3839.0,1622,36970.0,1,3566,56410.0,35.796875,9.986044473839957,19.0,51.0,32.0,0.09834558823529412,4.0,40.72773536895674,0.5990814295073452,0.005089058524173028,2.0,41.0,0.0,0.0,0.0,0.0,0.0,0,0,55.42713433313461,8.187695699622559,1319.6906503752682,0.36144301470588236,0.6302849264705882,100.0,0.022977941176470586,0.0,1.1424632352941178,100.0,0.04595588235294117,4.810118434925238
